95562,Romona
93214,Kaia
96502,Babita
93904,Nariko
93643,Marylou
94070,Marleah
94771,Joelly
96242,Vinita
96146,Gloria
96233,Jan
96753,Jacquetta
95130,Justinn
96715,Kathy
96315,Frank
94866,Anthia
93029,Elsie
92544,Maye
96128,Harrietta
96782,Nataline
95837,Cherilyn
94428,Janis
96470,Augustine
94030,Tani
93383,Eolanda
95242,Deloria
92740,Gratia
95916,Agathe
93359,Nadine
92368,Marline
94302,Tersina
95066,Janey
93994,Kate
95963,Valeda
96135,Wilma
92540,Mellicent
92335,Alexine
94182,Maryellen
96869,Yvonne
95526,Lorne
95933,Gianina
92781,Nicoli
94955,Vere
96369,Jerry
95021,Philis
93320,Vanessa
96561,Elvira
92486,Netty
96261,Laurene
94446,Jinny
94993,Caritta
92593,Alisha
92992,Ruthe
92091,Luci
92542,Henriette
92577,Jere
93831,Jerry
96943,Roseline
96322,Jenilee
95221,Corina
92598,Nanete
96073,Teriann
92731,Mady
94725,Ana
94988,Renae
96642,Jan
96509,Berget
92564,Etta
95266,Emylee
95869,Viviene
94736,Luci
92890,Loree
92679,Adriana
95047,Marita
93192,Debee
96093,Julieta
92432,Olwen
93744,Sissy
92110,Elvira
94262,Talya
92077,Molli
96296,Heddie
92429,Mignon
94333,Vivia
96256,Heida
94867,Hyacinthe
92110,Harrietta
96309,Bettine
92715,Ericka
92151,Gusella
92332,Dorthy
92435,Edyth
92704,Trudie
93002,Loree
95418,Tatiania
96146,Carmencita
95139,Hyacinthe
92791,Glynnis
94591,Marcy
92821,Sarette
94825,Marti
93272,Jinny
95131,Layla
95127,Albertina
94279,Deedee
96636,Riannon
92327,Hannis
93230,Caritta
96970,Daphne
95217,Cecile
93491,Penelopa
95567,Amara
96798,Cherilyn
93162,Deane
96245,Etta
94193,Dorice
93735,Babita
96539,Marika
96586,Elvira
93225,Charissa
96693,Selia
92771,Rhea
93464,Ottilie
92977,Katuscha
93413,Kirbee
92619,Tressa
93696,Modestia
95748,Bee
93492,Merrie
92017,Melisent
96621,Kittie
94003,Cindelyn
93804,Lizzie
95858,Wynne
93896,Rivalee
93065,Meriel
92535,Loree
96474,Ardenia
92188,Ulrike
93560,Rosanne
96299,Tatiania
96771,Cam
94522,Katleen
95529,Merci
96788,Catrina
96914,Layla
94958,Frances
93092,Kirbee
92867,Augustine
96581,Dominga
94313,Janeczka
92350,Elvira
96431,Brana
96986,Courtnay
96795,Marline
94030,Vere
96550,Oona
93456,Ofilia
96862,Nikki
96292,Carree
96388,Livvyy
94006,Briney
96532,Ezmeralda
92663,Cristine
92081,Belva
94540,Fernande
95711,Dorene
92984,Ursulina
92102,Modestia
93961,Lucy
96049,Ninnetta
92481,Merle
96125,Sheelagh
92699,Barbara
92747,Marleah
96391,Audrie
96363,Jan
92070,Ketti
92686,Kathy
92092,Belva
96149,Vere
93771,Kristina
93375,Kathy
95571,Caryl
93722,Tierney
92346,Carmencita
92586,Elsie
92464,Kamilah
96256,Nataline
93045,Miquela
95267,Violet
92243,Darci
96896,Helsa
96462,Noelle
96737,Theodora
93557,Shauna
93612,Zondra
94157,Zia
92711,Etta
93333,Carolina
94722,Jennica
95241,Drucie
95278,Ana
96354,Rubie
94620,Britte
94176,Dennie
96981,Bettine
95862,Alyssa
95833,Anallese
93888,Lolita
95275,Alex
96745,Rozele
96672,Henriette
92430,Brena
92601,Annaliese
96779,Gui
96218,Susan
92436,Lucille
95059,Carmela
96700,Emelina
96297,Consuela
96004,Elena
96756,Daryl
93902,Dorothy
94502,Angelique
94243,Lusa
94217,Cyb
94597,Tabbatha
93166,Miquela
94540,Queenie
92359,Letizia
92518,Therine
93958,Jemie
93094,Chere
95078,Hyacinthe
92689,Morganica
93958,Joelly
96522,Liana
96469,Shel
95100,Nicoli
95422,Damaris
93998,Miquela
92424,Dennie
92531,Leeanne
94187,Cyb
96267,Meg
93792,Janeczka
92074,Meg
95876,Shannah
95542,Gertrud
96476,Blake
96915,Annabela
96251,Raquela
95551,Patricia
95764,Carly
96925,Nicoli
92976,Daryl
92068,Alyssa
92155,Ezmeralda
96524,Libbie
96757,Lizzie
93104,Carree
92993,Elbertina
96507,Fred
92957,Sidoney
95529,Deloria
95185,Addia
95938,Florencia
93629,Hyacinthe
94191,Nadine
95830,Jillayne
96604,Karina
92136,Ofilia
92719,Ingrid
92359,Sheelagh
96374,Nikki
92434,Melisent
96123,Anthia
95069,Karena
95449,Bee
93013,Joy
95325,Lilith
96990,Karlee
95133,Charmaine
96047,Helsa
93552,Monika
94984,Harrietta
94228,Adele
94604,Marinna
92306,Clementine
94129,Starla
95409,Valera
92117,Stephanie
92718,Damaris
93407,Roxane
93015,Aeriela
93638,Harrietta
94005,Elie
95054,Lonnie
93787,Ernesta
94091,Elise
93702,Madalyn
95515,Deloria
96653,Valera
93339,Starla
95567,Rani
95852,Marika
94993,Larine
92949,Nariko
92886,Renae
96270,Nicoli
95046,Kathi
96616,Anallese
93943,Lisette
94007,Max
95332,Anica
94329,Rani
92475,Elfreda
95734,Morganica
96455,Shaine
92807,Rochette
95166,Shandie
93463,Giustina
92178,Imojean
94884,Daphne
96200,Susette
95073,Giustina
94713,Miquela
93122,Judy
96000,Cyndie
92164,Wanda
92842,Louella
96847,Petronia
95836,Meg
93515,Mureil
93162,Jany
95042,Zaria
94535,Ebonee
95298,Augustine
96852,Taffy
95254,Jaime
93576,Gertrud
95607,Leontine
94807,Lynnea
95020,Rhea
96988,Melisent
95840,Tierney
92826,Vanessa
95490,Anallese
93665,Ellette
95856,Hope
96777,Arabel
96378,Moyna
95914,Liana
93322,Renae
94767,Cindelyn
95480,Desirae
96023,Cherilyn
95351,Letizia
93501,Asia
96354,Raquela
94371,Binny
93089,Ariela
94701,Taffy
92526,Winny
95981,Raquela
96463,Almeta
94561,Malina
96807,Kerrin
95721,Donetta
92572,Letizia
92331,Roxane
94128,Nanete
92934,Nariko
95983,Celisse
93622,Odessa
93181,Maud
94558,Misha
95392,Adore
95926,Bill
95157,Jsandye
92829,Carol-Jean
92901,Calla
93645,Lynnea
94234,Odessa
94575,Selma
94596,Georgina
96187,Ezmeralda
92403,Kalina
94531,Lynnea
95787,Betta
94930,Roslyn
96210,Iseabal
95507,Hildegaard
94928,Kathy
92359,Annecorinne
92543,Helena
92095,Latisha
94936,Allyce
92907,Penelopa
94137,Blinni
95479,Roseline
93927,Margalo
93804,Demetris
93833,Alyda
94406,Tera
93604,Ida
93633,Verla
92272,Cindelyn
96493,Ofilia
95273,Corina
92597,Eadie
93905,Marylou
93084,Coral
92355,Carly
92957,Adriana
92428,Consuela
93532,Jaclyn
95519,Debee
96240,Alia
94768,Jessamyn
96342,Marguerite
92369,Flo
96464,Hannis
94943,Ottilie
96800,Christal
92171,Fanny
92641,Cathie
92328,Jessamyn
93000,Anthia
94679,Abbie
95988,Meriel
92103,Frank
94970,Corina
93097,Joeann
93593,Marguerite
92174,Alia
93521,Nadine
96671,Clo
96595,Clary
92444,Phedra
96978,Lauryn
92665,Augustine
93878,Emmey
95671,Gusella
92485,Jere
95205,Rosabelle
93053,Candi
94436,Jacenta
96631,Elvira
93623,Cristabel
96804,Carilyn
92136,Elbertina
96322,Britni
94353,Jeanna
96456,Madeleine
92198,Frances
95191,Mariann
96222,Alameda
92810,Corly
92823,Teddie
92452,Ingrid
93598,Nickie
93458,Winifred
92661,Valli
92394,Agnese
96501,Konstance
94939,Halette
93368,Caressa
93719,Wanda
93442,Maridel
92904,Eadie
94721,Priscilla
96459,Noelle
94805,Brena
95011,Annora
96099,Anthia
94283,Addia
94884,Ezmeralda
95520,Abbie
95635,Camile
92681,Sadie
96454,Katuscha
92139,Celestyna
96920,Kial
94729,Tomasina
92951,Xylina
94183,Ivett
93688,Melina
93587,Benita
93729,Melodie
96810,Britni
92119,Elbertina
93392,Amii
96545,Laure
96301,Sharlene
96447,Lizzie
96482,Millie
92476,Netty
95665,Tybie
93045,Tressa
95906,Cissiee
93379,Layla
96855,Lauryn
92842,Sidoney
94561,Jenda
93024,Lenna
96283,Cyb
96235,Corly
96408,Averyl
92949,Jean
94769,Sean
92986,Jorry
94370,Tina
96572,Desirae
96552,Carree
92051,Ilse
96778,Ann-Marie
92592,Tina
95573,Danika
94007,Rubie
94461,Tersina
95391,Chandra
93561,Peri
96380,Sam
96102,Siana
95063,Dode
94145,Lorne
95968,Elsie
92254,Brynna
96710,Madalyn
93230,Hettie
92423,Janenna
93117,Jorry
95873,Britni
92110,Alameda
96352,Kary
93049,Sean
95244,Drucie
92861,Cindelyn
93321,Chastity
95777,Raquela
95655,Carilyn
94104,Minda
92369,Hildegaard
92775,Eve
94288,Evaleen
93710,Leona
96386,Josephine
95679,Orelia
94265,Sandie
95721,Charlena
96790,Lynea
92864,Lynea
92154,Iseabal
92353,Philis
93441,Elka
93800,Rochette
95613,Brandise
92005,Taffy
95472,Babita
94624,Konstance
95077,Blinni
96108,Lucille
96410,Luci
96157,Shauna
94053,Tarra
95885,Arlena
96004,Juliane
96983,Zaria
96401,Verla
93910,Marika
92341,Daphne
96292,Lory
93530,Kara-Lynn
92816,Nadine
95017,Selia
93860,Minda
94032,Lucille
92306,Margalo
94293,Daune
92186,Leeanne
95608,Harmonia
95279,Sallie
96012,Imojean
92019,Emma
94738,Jolyn
96296,Bobbi
96573,Modestia
92577,Elyssa
94318,Tami
94661,Letizia
95235,Brynna
93727,Lexine
95861,Danny
94997,Calla
95778,Tersina
95679,Ninnetta
92716,Korrie
95243,Mireielle
93007,Lelah
94471,Shirlee
93283,Althea
93512,Florencia
92321,Pierette
96074,Berget
95609,Tiffie
94102,Mallory
92195,Gwenneth
95018,Nadine
95535,Kassey
96130,Teddie
95147,Jerry
96270,Dale
93881,Adriana
96991,Susette
96954,Dede
95748,Hyacinthe
93379,Lily
94957,Ida
94259,Sean
94910,Deloria
94453,Cacilie
95976,Candi
94705,Brooks
94080,Ezmeralda
96807,Millie
92471,Georgina
96767,Lucille
95975,Giustina
95579,Lucy
92004,Claresta
93691,Daryl
96200,Merrie
93539,Valera
95714,Jacquetta
95171,Liana
92642,Ann-Marie
95189,Lorne
94068,Danny
95772,Drucie
93215,Modestia
92203,Chere
92673,Blondelle
96579,Glynnis
94318,Dolli
93396,Orsola
94959,Mariele
96674,Angelique
94246,Pierette
92425,Dennie
94181,Leona
96215,Frieda
95517,Emilia
93598,Angela
96226,Lorne
94789,Cristine
94536,Teddie
92870,Tamqrah
93106,Lila
94814,Noelle
94017,Jennica
93923,Peri
94208,Philis
96102,Hyacinthe
92793,Jennica
92910,Abbie
96575,Grier
95809,Valeda
94559,Donnie
93640,Lindie
95222,Marline
93339,Dotty
93153,Dacia
95095,Suzette
94651,Regina
94604,Kial
96810,Robinia
94914,Philis
96286,Merry
93295,Zaria
93326,Kimmy
92061,Florencia
94682,Sybille
92946,Merry
93119,Amelia
96127,Sybille
95043,Blinni
94237,Tami
92295,Daune
92171,Joelly
94971,Paola
92258,Roberta
93836,Maud
94196,Carlie
92683,Rozele
93050,Gusty
93385,Priscilla
95098,Merry
94051,Mady
92782,Meghann
96267,Ricky
94445,Orsola
93387,Alia
93599,Natka
96608,Halette
93165,Gertrud
94498,Shirlee
96095,Tierney
92370,Pollyanna
96335,Lonnie
92016,Coral
96648,Anallese
93644,Aili
93346,Jan
94575,Margette
93499,Evaleen
92557,Mureil
92943,Chickie
94526,Elmira
92307,Mellicent
96752,Ulrike
96074,Moyna
92929,Britte
92666,Jeanna
93734,Alyssa
96376,Larine
94153,Dorothy
95210,Margette
95761,Giustina
94251,Emmey
96729,Vere
92780,Cecile
94011,Patricia
96755,Kassey
92628,Nicoli
95101,Aili
92820,Lexine
95123,Luci
95051,Lindie
96728,Rosaline
96504,Merle
96679,Ellette
92819,June
96023,Hettie
96822,Allyce
96803,Ermengarde
93069,Melodie
95880,Odessa
96481,Henriette
94353,Phedra
92995,Bee
95691,Adelle
94044,Joeann
94169,Alejandra
94618,Vere
93782,Ebonee
96011,Rosanne
94141,Suzette
96282,Madeleine
95009,Jordan
93087,Madelle
96783,Ann-Marie
95519,Raina
93813,Jacquetta
96990,Juliane
95378,Rosabelle
96109,Edyth
94984,Kayla
96800,Julieta
96627,Jere
93434,Berget
94467,Liana
92096,Heddie
95590,Maryellen
96899,Emma
96798,Linet
93921,Selma
95077,Cristine
95571,Felice
95246,Kylynn
93506,Mathilda
94027,Janis
95123,Laure
92148,Calla
94385,Tobe
94281,Binny
93102,Lanae
94720,Ashlee
94919,Dorene
95418,Jaime
96826,Zondra
93076,Adore
95212,Desirae
95714,Magdalena
92791,Tani
94812,Britte
92899,Joane
92703,Jobi
94767,Jillayne
92828,Aigneis
96115,Raquela
92679,Mamie
96188,Noelle
93757,Isa
95180,Cristabel
93795,Paulita
95548,Dorice
93384,Silvana
93791,Sonni
93912,Arlina
95581,Katharina
92872,Basia
93648,Modestia
94367,Hermione
95158,Lorie
95302,Chandra
95653,Addia
94032,Willetta
93569,Harrietta
92025,Emelina
93171,Sashenka
92430,Perry
93737,Elie
93231,Glynnis
94507,Linet
94247,Kathy
93270,Penelopa
92208,Addia
95966,Katharina
96898,Goldie
92075,Anallese
95752,Chickie
96566,Shell
93695,Trixi
92959,Mathilda
94485,Katleen
93419,Selma
92211,Bill
93794,Yetty
93569,Mureil
92425,Trixi
96032,Layla
96219,Jennica
95857,Dagmar
93199,Carlie
93053,Mignon
92762,Cherrita
92498,Valera
93590,Rhea
94301,Lanna
94405,Kirbee
92897,Shauna
96404,Morganica
96494,Celisse
95762,Vevay
92543,Tani
96871,Valera
92000,Lynde
92916,Fredericka
92954,Fanchon
94336,Lynde
95853,Sallie
94946,Melina
96386,Lesly
93009,Shannah
92006,Tiffie
93291,Marguerite
96883,Charissa
96394,Sashenka
93860,Alisha
92682,Noelle
95140,Karina
92482,Nikki
96832,Jasmina
96402,Flo
96908,Angelique
94693,Konstance
95552,Bibby
93030,Inga
92709,Riannon
93573,Cherrita
92762,Nanete
95754,Sharlene
95401,Odessa
94135,Albertina
92566,Basia
93331,Yolane
94655,Lynea
96458,Drucie
94605,Viki
94563,Robbi
95395,Annaliese
94950,Blinni
92198,Lorenza
93411,Gretal
95032,Karina
93244,Etta
93266,Calla
96797,Darci
95057,Caressa
96207,Carmencita
94458,Kore
92828,Darlleen
93373,Lilith
96150,Ayn
95963,Sheree
92755,Lynde
93851,Ilse
95839,Fernande
96183,Nannie
95998,Jobi
94261,Abbie
95624,Maurene
92283,Suzette
96315,Ariela
93993,Paola
93437,Xylina
92707,Shirlee
92629,Vere
96079,Corry
96740,Fidelia
93042,Trixi
94648,Renie
93861,Lizzie
96625,Maridel
95790,Anthia
92656,Ileana
92971,Elise
95759,Talya
94517,Alyssa
94272,Ricky
93034,Georgina
95298,Danny
94765,Ezmeralda
92688,Sabina
95900,Fanchon
93578,Corly
94355,Emmey
93130,Alisha
96146,Keelia
92049,Ekaterina
96570,Bernardine
94620,Liana
92639,Sean
93989,Gilligan
94065,Madelle
96745,Zaria
95997,Tamqrah
93343,Libbie
93045,Rori
93591,Tori
95003,Aryn
96299,Ginnie
92372,Rosabelle
95806,Averyl
95696,Annice
93093,Farrah
94477,Melisent
92961,Joeann
96046,Cathyleen
95512,Flo
92968,Dorothy
93421,Alyssa
93373,Arabel
94703,Chrystel
92082,Ulrike
94161,Johna
94360,Carmela
96969,Kamilah
95208,Lucille
96151,Raina
93683,Micheline
94372,Christal
95555,Lisette
95817,Micheline
95383,Gavrielle
94688,Angelique
95599,Jaclyn
93150,Dode
96573,Gaylene
92085,Layla
92686,Dacia
92876,Alyssa
94449,Heddie
95584,Beth
95647,Flo
96430,Viki
92322,Eugine
93509,Jobi
93039,Margalo
94462,Marcy
93115,Fanny
93404,Renie
93348,Teddie
92477,Berget
96396,Jennica
94695,Renie
96393,Tierney
92623,Annabela
96016,Gilda
