CÃ³digo Producto,Descripcion,Categoria
41,Raquela,smartphone
807,Riannon,no_smartphone3
23,Melina,no_smartphone1
975,Wynne,no_smartphone3
678,Olwen,no_smartphone3
150,Esmeralda,no_smartphone2
294,Tami,no_smartphone1
178,Wilma,no_smartphone1
156,Dianemarie,smartphone
774,Dominga,no_smartphone3
795,Ayn,no_smartphone1
730,Annice,no_smartphone2
446,Elena,no_smartphone3
423,Gretal,no_smartphone2
589,Gwyneth,smartphone
298,Lizzie,no_smartphone3
862,Tori,no_smartphone3
212,Kirbee,no_smartphone3
554,Drucie,smartphone
647,Vere,no_smartphone2
548,Tracey,no_smartphone2
625,Cissiee,smartphone
677,Sophia,smartphone
795,Aigneis,no_smartphone3
129,Raf,no_smartphone3
28,Blake,no_smartphone3
307,Adelle,no_smartphone2
338,Bee,no_smartphone1
148,Marita,no_smartphone1
578,Steffane,no_smartphone2
531,Stephanie,no_smartphone1
885,Darci,no_smartphone2
901,Carmela,no_smartphone2
570,Lexine,no_smartphone2
294,Calla,no_smartphone2
383,Chloris,no_smartphone1
472,Donetta,no_smartphone2
925,Jennica,no_smartphone1
251,Cristine,no_smartphone3
991,Kylynn,no_smartphone2
466,Frieda,no_smartphone2
455,Yvonne,smartphone
590,Tani,no_smartphone2
116,Silvana,no_smartphone2
957,Natka,no_smartphone3
621,Rori,no_smartphone3
871,Nyssa,no_smartphone1
813,Odessa,no_smartphone1
293,Marita,no_smartphone1
238,Helena,no_smartphone1
733,Trudie,no_smartphone1
829,Brena,no_smartphone1
94,Maurene,no_smartphone1
948,Mathilda,no_smartphone3
582,Ardeen,no_smartphone2
9,Johna,no_smartphone1
209,Yetty,no_smartphone2
821,Lily,no_smartphone2
31,Donetta,no_smartphone3
335,Vivia,no_smartphone3
862,Aubrie,no_smartphone1
308,Chloris,smartphone
693,Flo,no_smartphone2
657,Candi,no_smartphone3
308,Ileana,smartphone
80,Keelia,no_smartphone2
813,Cassondra,no_smartphone3
434,Mary,no_smartphone3
503,Tera,no_smartphone2
91,Dode,no_smartphone2
581,Fawne,smartphone
625,Evaleen,no_smartphone2
602,Madelle,no_smartphone1
216,Roseline,no_smartphone2
229,Wileen,no_smartphone1
99,Molli,no_smartphone2
707,Alyssa,no_smartphone2
915,Rozele,no_smartphone3
452,Noelle,no_smartphone2
326,Lusa,no_smartphone3
7,Susette,no_smartphone2
903,Andree,no_smartphone1
605,Delilah,smartphone
102,Louella,no_smartphone2
385,Ariela,smartphone
556,Laurene,smartphone
523,Kristina,no_smartphone2
202,Gwenneth,no_smartphone2
627,Leona,no_smartphone2
231,Jinny,smartphone
648,Ashlee,no_smartphone3
141,Barbi,no_smartphone3
166,Shaylyn,no_smartphone1
367,Chickie,no_smartphone2
187,Roxane,smartphone
562,Ricky,no_smartphone3
643,Marcelline,smartphone
581,Katharina,no_smartphone2
125,Paola,no_smartphone2
341,Ninnetta,no_smartphone3
946,Zondra,no_smartphone1
447,Riannon,no_smartphone2
779,Averyl,no_smartphone3
661,Mamie,smartphone
317,Raf,no_smartphone3
803,Dennie,no_smartphone2
338,Minne,smartphone
619,Christal,no_smartphone1
334,Daphne,smartphone
932,Carlie,no_smartphone3
213,Regina,no_smartphone1
417,Annice,no_smartphone3
668,Fredericka,no_smartphone1
109,Roseline,no_smartphone2
655,Mady,smartphone
334,Leontine,no_smartphone1
115,Margette,no_smartphone3
889,Marguerite,no_smartphone3
75,Florencia,no_smartphone2
150,Betta,no_smartphone3
706,Marylou,smartphone
3,Lita,no_smartphone3
244,Karlee,smartphone
578,Nelle,no_smartphone1
223,Riannon,no_smartphone1
506,Gretal,no_smartphone2
763,Rosanne,smartphone
242,Rozele,no_smartphone1
793,Lory,no_smartphone3
680,Ebonee,no_smartphone3
494,Anallese,no_smartphone2
609,Elbertina,smartphone
464,Frieda,smartphone
499,Tatiania,smartphone
442,Cordi,no_smartphone2
120,Dania,no_smartphone2
734,Sarette,smartphone
237,Susette,smartphone
45,Calla,no_smartphone1
424,Liana,no_smartphone3
789,Merry,no_smartphone2
954,Clementine,no_smartphone3
582,Mallory,no_smartphone2
515,Charissa,no_smartphone3
959,Janey,no_smartphone3
657,Berget,no_smartphone3
747,Averyl,no_smartphone2
815,Rozele,no_smartphone3
331,Gwyneth,no_smartphone3
906,Rori,no_smartphone3
474,Hermione,no_smartphone2
500,Fidelia,smartphone
826,Kamilah,no_smartphone3
393,Sue,no_smartphone1
896,Kore,no_smartphone2
663,Netty,no_smartphone3
393,Doro,no_smartphone3
981,Doralynne,no_smartphone2
302,Kathy,smartphone
184,Steffane,no_smartphone2
878,Rebeca,no_smartphone1
971,Corry,no_smartphone3
110,Margette,no_smartphone2
409,Shaine,no_smartphone1
475,Danika,smartphone
923,Tani,smartphone
587,Berget,no_smartphone2
54,Vonny,no_smartphone2
545,Morganica,no_smartphone1
721,Sonni,no_smartphone2
174,Oona,no_smartphone2
746,Madalyn,smartphone
217,Chrystel,no_smartphone2
914,Andree,no_smartphone3
41,Allyce,no_smartphone3
514,Brana,smartphone
715,Asia,no_smartphone1
642,Cherrita,smartphone
738,Sean,smartphone
613,Sabina,no_smartphone3
357,Reeba,no_smartphone2
295,Cacilie,no_smartphone3
653,Kerrin,no_smartphone3
433,Gwyneth,no_smartphone3
317,Darlleen,no_smartphone1
491,Karena,no_smartphone2
714,Agnese,smartphone
878,Gratia,no_smartphone2
289,Daryl,smartphone
66,Alejandra,smartphone
823,Liana,no_smartphone2
467,Susan,no_smartphone1
223,Zondra,no_smartphone2
576,Cindelyn,no_smartphone2
756,Anthia,no_smartphone1
337,Chere,smartphone
237,Cecile,no_smartphone2
892,Korrie,smartphone
853,Viki,no_smartphone1
771,Edyth,no_smartphone1
894,Nananne,no_smartphone3
262,Bernardine,no_smartphone2
58,Cindelyn,no_smartphone1
45,Ilse,no_smartphone1
940,Charissa,smartphone
43,Wynne,smartphone
483,Linet,no_smartphone3
262,Caritta,no_smartphone2
979,Clo,no_smartphone1
878,Shel,no_smartphone1
20,Stevana,no_smartphone3
544,Petronia,no_smartphone2
513,Ida,smartphone
545,Catrina,no_smartphone1
116,Clementine,no_smartphone3
375,Kelly,no_smartphone2
64,Ronna,no_smartphone1
286,Dari,no_smartphone1
504,Rebeca,smartphone
2,Leia,no_smartphone3
643,Leia,smartphone
675,Carmencita,no_smartphone3
919,Adele,smartphone
542,Johna,smartphone
572,Sarette,no_smartphone2
385,Susan,no_smartphone1
666,Cacilie,smartphone
53,Tera,smartphone
345,Dode,smartphone
427,Morganica,no_smartphone2
330,Sean,no_smartphone3
389,Elmira,no_smartphone2
406,Hollie,no_smartphone3
726,Evaleen,no_smartphone2
51,Chloris,no_smartphone3
52,Caressa,smartphone
67,Jeanna,smartphone
7,Jinny,no_smartphone3
845,Hope,no_smartphone3
126,Regina,no_smartphone3
830,Talya,smartphone
283,Basia,no_smartphone1
528,Sissy,smartphone
182,Karly,smartphone
172,Jemie,no_smartphone3
733,Agnese,no_smartphone3
455,Babita,no_smartphone2
1,Kary,smartphone
941,Vonny,smartphone
197,Teddie,no_smartphone1
326,Catharine,no_smartphone2
274,Linzy,no_smartphone3
6,Marylou,no_smartphone1
477,Kristan,no_smartphone2
668,Glynnis,no_smartphone3
273,Gabi,no_smartphone2
326,Clary,no_smartphone3
853,Shannah,smartphone
109,Alejandra,no_smartphone3
75,Tersina,no_smartphone3
405,Silvana,no_smartphone3
211,Marnia,no_smartphone3
494,Mariele,no_smartphone2
416,Sarette,no_smartphone1
763,Jaime,no_smartphone3
818,Brooks,no_smartphone3
123,Anallese,no_smartphone3
381,Brietta,no_smartphone1
573,Sheelagh,no_smartphone2
637,Beatriz,no_smartphone1
725,Ericka,smartphone
374,Bibby,smartphone
90,Coral,no_smartphone2
797,Adelle,no_smartphone1
94,Jessamyn,no_smartphone2
631,Tybie,no_smartphone2
136,Helena,no_smartphone2
677,Donetta,smartphone
887,Brianna,smartphone
963,Cassandra,no_smartphone1
909,Yolane,no_smartphone1
142,Sara-Ann,no_smartphone1
917,Selia,no_smartphone3
184,Myrtice,smartphone
411,Alisha,no_smartphone2
794,Clo,no_smartphone1
319,Cherilyn,no_smartphone2
328,Georgina,smartphone
295,Lulita,no_smartphone1
511,Katuscha,no_smartphone2
788,Chloris,no_smartphone2
684,Rhea,no_smartphone2
795,Frank,no_smartphone2
271,Helsa,no_smartphone3
376,Corry,no_smartphone1
811,Vita,no_smartphone1
755,Rochette,no_smartphone1
879,Benita,smartphone
437,Cristabel,smartphone
357,Alexine,no_smartphone2
391,Katleen,no_smartphone2
826,Aryn,no_smartphone2
563,Michaelina,no_smartphone3
391,Ekaterina,smartphone
353,Gretal,no_smartphone3
910,Bibby,no_smartphone3
776,Olwen,smartphone
309,Cristabel,no_smartphone3
355,Nanete,no_smartphone2
44,Camile,no_smartphone1
513,Harmonia,no_smartphone1
866,Silvana,no_smartphone3
469,Steffane,no_smartphone2
614,Ada,no_smartphone1
307,Nananne,no_smartphone2
206,Gloria,no_smartphone2
704,Netty,no_smartphone2
725,Fredericka,no_smartphone3
774,Kelly,smartphone
559,Aili,no_smartphone1
890,Kelly,no_smartphone3
836,Selma,no_smartphone1
145,Jere,smartphone
511,Donnie,no_smartphone1
1,Gwenneth,no_smartphone3
303,Heddie,no_smartphone1
173,Clo,no_smartphone2
24,Florie,no_smartphone3
227,Phedra,no_smartphone3
769,Valeda,no_smartphone3
285,Aimil,smartphone
935,Annaliese,smartphone
750,Brana,smartphone
901,Lanae,no_smartphone2
266,Corry,no_smartphone2
776,Fina,no_smartphone2
422,Monika,no_smartphone1
211,Wilma,no_smartphone1
192,Ketti,smartphone
325,Gusty,no_smartphone2
277,Zsa Zsa,no_smartphone2
130,Dania,no_smartphone1
179,Ilse,no_smartphone3
34,Lexine,no_smartphone3
442,Tina,smartphone
893,Claudina,no_smartphone2
815,Giustina,smartphone
963,Chrystel,no_smartphone3
960,Jillayne,no_smartphone1
846,Lesly,smartphone
131,Tressa,no_smartphone3
369,Lolita,smartphone
391,Shell,no_smartphone3
369,Shell,smartphone
271,Antonietta,smartphone
505,Mary,no_smartphone2
342,Therine,no_smartphone3
809,Nannie,no_smartphone2
318,Ermengarde,no_smartphone2
293,Blake,smartphone
157,Linzy,no_smartphone1
58,Rosanne,no_smartphone2
567,Modestia,no_smartphone2
617,Dacia,no_smartphone3
543,Belinda,no_smartphone1
204,Beth,no_smartphone3
699,Starla,smartphone
932,Elena,smartphone
133,Rhoda,smartphone
432,Ileana,no_smartphone1
628,Addia,no_smartphone3
588,Estell,no_smartphone1
36,Caritta,no_smartphone1
32,Marcy,no_smartphone2
279,Layla,no_smartphone1
386,Priscilla,smartphone
781,Edith,no_smartphone3
205,Bobbi,no_smartphone3
757,Meg,no_smartphone3
177,Florencia,no_smartphone1
35,Roberta,smartphone
713,June,no_smartphone3
543,Viviene,no_smartphone2
544,Agathe,no_smartphone2
985,Sara-Ann,no_smartphone1
793,Celene,smartphone
623,Penelopa,smartphone
113,Riannon,smartphone
883,Sheree,no_smartphone1
965,Neila,no_smartphone2
865,Cindelyn,no_smartphone1
941,Linet,no_smartphone2
490,Halette,smartphone
284,Steffane,no_smartphone1
203,Dulce,no_smartphone2
189,Lizzie,smartphone
975,Viki,no_smartphone2
524,Jennica,no_smartphone3
802,Arlina,smartphone
564,Roxane,smartphone
616,Fawne,no_smartphone2
191,Joeann,no_smartphone3
31,Shandie,no_smartphone2
311,Neila,smartphone
19,Verla,no_smartphone3
532,Valeda,smartphone
359,Jemie,no_smartphone1
997,Heida,no_smartphone2
24,Zondra,smartphone
481,Yolane,no_smartphone2
183,Arlena,smartphone
225,Kathy,no_smartphone3
569,Layla,no_smartphone3
534,Annora,smartphone
626,Tori,no_smartphone3
553,Karly,no_smartphone3
450,Babita,no_smartphone3
937,Nita,smartphone
960,Kalina,no_smartphone3
778,Charmaine,no_smartphone2
972,Rozele,no_smartphone1
607,Cordi,no_smartphone2
530,Phedra,no_smartphone3
718,Vivia,smartphone
802,Georgetta,no_smartphone3
542,Chrystel,no_smartphone3
469,Aaren,smartphone
447,Sara-Ann,no_smartphone2
791,Eve,no_smartphone2
213,Kore,no_smartphone1
830,Sallie,no_smartphone3
297,Juliane,smartphone
987,Allis,no_smartphone3
579,Mariann,no_smartphone1
386,Mahalia,no_smartphone2
506,Vivia,no_smartphone1
665,Susan,no_smartphone1
415,Vonny,no_smartphone3
463,Viviene,no_smartphone3
68,Lolita,no_smartphone1
516,Jerry,smartphone
393,Ana,no_smartphone2
115,Maye,no_smartphone2
86,Aubrie,smartphone
839,Ellette,smartphone
981,Correy,smartphone
620,Allis,no_smartphone3
816,Charlena,no_smartphone3
986,Letizia,smartphone
59,Brooks,smartphone
298,Jacenta,no_smartphone3
602,Ilse,no_smartphone3
296,Deloria,no_smartphone1
42,Karolina,no_smartphone2
187,Aeriela,no_smartphone3
191,Tracey,no_smartphone3
547,Priscilla,no_smartphone1
329,Gaylene,smartphone
805,Shannah,smartphone
958,Siana,no_smartphone1
340,Elbertina,no_smartphone3
634,Robbi,smartphone
524,Vivia,smartphone
814,Nanete,no_smartphone1
803,Kayla,no_smartphone3
454,Nananne,smartphone
78,Deloria,no_smartphone3
493,Andree,smartphone
22,Dorene,smartphone
404,Janey,no_smartphone1
758,Jeanna,no_smartphone1
553,Willetta,no_smartphone3
659,Noelle,smartphone
598,Elena,smartphone
80,Belva,no_smartphone3
237,Joleen,smartphone
425,Tera,smartphone
584,Darci,no_smartphone3
662,Addia,no_smartphone2
947,Ricky,no_smartphone1
597,Christal,no_smartphone2
141,Philis,no_smartphone2
331,Elka,no_smartphone1
492,Alameda,smartphone
441,Silvana,no_smartphone2
572,Carly,no_smartphone2
209,Judy,no_smartphone2
645,Theodora,no_smartphone2
735,Belinda,smartphone
616,Cyb,no_smartphone1
9,Clary,no_smartphone1
65,Karena,no_smartphone3
377,Rayna,no_smartphone3
712,Chandra,no_smartphone1
628,Belinda,no_smartphone3
197,Karlee,no_smartphone3
160,Ernesta,no_smartphone1
149,Tierney,no_smartphone1
627,Dulcinea,smartphone
924,Genovera,no_smartphone3
10,Gisela,smartphone
708,Vevay,no_smartphone2
214,Sidoney,no_smartphone2
764,Lelah,smartphone
657,Justinn,smartphone
563,Sam,no_smartphone2
1,Daryl,no_smartphone3
612,Karolina,no_smartphone3
397,Drucie,no_smartphone1
138,Madalyn,no_smartphone1
520,Elmira,no_smartphone3
41,Cecile,no_smartphone1
757,Charlena,no_smartphone1
235,Gaylene,no_smartphone2
1000,Beatriz,no_smartphone1
940,Celisse,no_smartphone3
535,Mureil,no_smartphone1
92,Bettine,no_smartphone1
30,Alameda,no_smartphone2
871,Amalie,no_smartphone3
98,Thalia,no_smartphone3
736,Sashenka,no_smartphone2
466,Albertina,no_smartphone2
237,Dorthy,smartphone
997,Nikki,no_smartphone1
625,Camile,no_smartphone2
198,Pamella,no_smartphone1
699,Bernardine,smartphone
405,Jillayne,smartphone
354,Tori,no_smartphone2
36,Oralee,smartphone
46,Tilly,no_smartphone3
372,Cassondra,no_smartphone2
367,Romona,no_smartphone1
906,Dorothy,no_smartphone1
374,Marita,no_smartphone1
348,Gusella,no_smartphone1
615,Regina,smartphone
982,Pierette,no_smartphone3
94,Allis,no_smartphone2
590,Minda,no_smartphone2
670,Florie,no_smartphone3
866,Eve,no_smartphone1
139,Michaelina,no_smartphone3
292,Ottilie,no_smartphone1
949,Katharina,no_smartphone2
758,Ricky,smartphone
28,Lacie,no_smartphone1
455,Charlena,no_smartphone3
944,Gabi,smartphone
781,Yolane,smartphone
236,Dorene,no_smartphone3
329,Theodora,smartphone
717,Fred,smartphone
529,Genevra,smartphone
308,Alexine,no_smartphone3
371,Teddie,no_smartphone1
305,Merci,no_smartphone2
557,Annice,no_smartphone2
226,Ernesta,smartphone
251,Molli,no_smartphone3
556,Marleah,no_smartphone2
453,Damaris,smartphone
658,Shannah,no_smartphone2
461,Ulrike,no_smartphone3
564,Louella,no_smartphone1
121,Charissa,no_smartphone3
471,Daune,no_smartphone3
312,Jany,no_smartphone1
505,Mallory,smartphone
64,Amii,no_smartphone2
406,Oralee,smartphone
598,Marika,no_smartphone2
67,Sybille,no_smartphone2
513,Merle,smartphone
291,Trixi,no_smartphone1
710,Pearline,smartphone
123,Darci,no_smartphone3
124,Daryl,no_smartphone2
850,Lilith,smartphone
261,Merrie,no_smartphone2
395,Robbi,smartphone
998,Annabela,smartphone
67,Mathilda,no_smartphone3
672,Jennica,no_smartphone3
648,Larine,no_smartphone1
451,Dennie,no_smartphone2
684,Karlee,no_smartphone2
56,Albertina,smartphone
502,Roberta,no_smartphone1
968,Kathi,no_smartphone3
376,Chastity,no_smartphone3
122,Candi,no_smartphone2
809,Leeanne,no_smartphone2
422,Lilith,no_smartphone2
872,Dacia,no_smartphone1
358,Adele,no_smartphone1
441,Dede,no_smartphone3
732,Kelly,smartphone
506,Tami,no_smartphone3
716,Halette,no_smartphone3
125,Dennie,smartphone
661,Meghann,smartphone
775,Genovera,no_smartphone3
430,Rosene,no_smartphone2
720,Shaylyn,no_smartphone3
264,Aryn,no_smartphone2
37,Annice,no_smartphone2
794,Ebonee,smartphone
861,Mignon,smartphone
265,Aurore,no_smartphone1
419,Nannie,no_smartphone2
198,Letizia,no_smartphone3
857,Tamqrah,no_smartphone2
724,Maud,no_smartphone2
706,Nadine,no_smartphone3
60,Marti,no_smartphone1
318,Dianemarie,smartphone
94,Henriette,no_smartphone1
203,Marcelline,no_smartphone1
166,Flo,no_smartphone2
525,Sandie,no_smartphone3
771,Basia,no_smartphone2
101,Mureil,no_smartphone1
808,Viviene,smartphone
495,Justinn,no_smartphone3
879,Ayn,no_smartphone1
589,Natka,smartphone
446,Dede,no_smartphone3
380,Daryl,smartphone
334,Josephine,no_smartphone2
380,Clarice,no_smartphone2
463,Vanessa,smartphone
645,Caritta,no_smartphone3
885,Susan,no_smartphone1
45,Laure,no_smartphone1
143,Brynna,no_smartphone2
868,Amii,no_smartphone2
724,Jackie,no_smartphone1
320,Starla,no_smartphone1
866,Olwen,smartphone
588,Dari,no_smartphone3
855,Anica,smartphone
789,Emylee,no_smartphone2
53,Alexine,no_smartphone3
769,Diena,no_smartphone2
93,Monika,no_smartphone2
117,Dawn,no_smartphone3
60,Michaelina,no_smartphone3
66,Roz,no_smartphone3
211,Sadie,smartphone
180,Fred,no_smartphone2
258,Renie,no_smartphone2
20,Lyssa,smartphone
244,Robinia,no_smartphone3
797,Flo,smartphone
186,Nita,no_smartphone3
78,Alia,no_smartphone3
122,Evaleen,no_smartphone1
382,Dolli,no_smartphone2
192,Olivette,no_smartphone3
627,Fanchon,smartphone
822,Millie,smartphone
677,Meriel,no_smartphone2
993,Demetris,no_smartphone1
401,Jemie,no_smartphone3
663,Shel,no_smartphone3
598,Antonietta,smartphone
999,Bibby,no_smartphone3
131,Krystle,no_smartphone1
930,Renie,smartphone
670,Ericka,no_smartphone1
739,Katuscha,no_smartphone3
525,Karly,no_smartphone1
978,Tarra,no_smartphone1
808,Wynne,no_smartphone2
764,Veda,smartphone
784,Oralee,no_smartphone2
961,Anthia,no_smartphone2
607,Christy,no_smartphone2
185,Mahalia,no_smartphone2
290,Edee,smartphone
669,Molli,no_smartphone3
815,Devina,no_smartphone3
290,Carree,no_smartphone2
54,Donetta,no_smartphone2
919,Stacey,no_smartphone2
884,Danny,smartphone
387,Cathyleen,smartphone
641,Ernesta,no_smartphone1
926,Maye,smartphone
314,Candy,no_smartphone3
963,Jasmina,no_smartphone3
392,Michaelina,no_smartphone3
919,Ida,no_smartphone3
999,Lacie,smartphone
539,Margalo,no_smartphone3
787,Ethel,smartphone
163,Kaia,no_smartphone1
343,Verla,no_smartphone2
199,Florie,no_smartphone1
767,Cassondra,smartphone
798,Fanchon,no_smartphone2
611,Bill,no_smartphone2
0,Rosabelle,no_smartphone2
158,Nickie,smartphone
289,Sheree,no_smartphone1
366,Valeda,no_smartphone1
121,Bettine,smartphone
842,Althea,smartphone
43,Laurene,no_smartphone2
926,Cindelyn,smartphone
457,Averyl,no_smartphone1
880,Averyl,no_smartphone1
457,Gwyneth,smartphone
597,Berta,smartphone
770,Kylynn,no_smartphone1
220,Tori,no_smartphone2
172,Kenna,smartphone
594,Jsandye,smartphone
798,Tierney,no_smartphone3
346,Margette,no_smartphone3
529,Lusa,no_smartphone3
492,Lisette,no_smartphone1
140,Correy,smartphone
272,Ariela,no_smartphone3
226,Nita,no_smartphone2
659,Dennie,no_smartphone3
531,Eve,no_smartphone1
844,Orelia,no_smartphone3
414,Audrie,no_smartphone2
668,Lesly,smartphone
387,Joleen,smartphone
952,Orelia,smartphone
898,Randa,no_smartphone3
692,Marguerite,no_smartphone3
257,Aigneis,smartphone
835,Ingrid,no_smartphone3
410,Sallie,no_smartphone2
260,Kellen,no_smartphone3
1,Allyce,smartphone
459,Dotty,smartphone
726,Olwen,no_smartphone2
917,Ursulina,no_smartphone2
845,Giustina,smartphone
903,Winny,no_smartphone3
68,Talya,smartphone
100,Charissa,no_smartphone3
674,Maisey,no_smartphone3
289,June,no_smartphone1
499,Farrah,no_smartphone1
952,Claresta,no_smartphone3
640,Gusella,smartphone
396,Angelique,no_smartphone1
800,Josephine,no_smartphone3
706,Lauryn,no_smartphone2
602,Laure,no_smartphone2
662,Arabel,smartphone
256,Doralynne,smartphone
943,Hannis,no_smartphone1
688,Adore,no_smartphone2
134,Brooks,no_smartphone3
671,Brandise,no_smartphone3
28,Cordi,no_smartphone2
269,Addia,no_smartphone1
837,Cyndie,no_smartphone1
35,Frank,no_smartphone3
98,Keelia,no_smartphone1
244,Alie,smartphone
500,Brandise,no_smartphone2
574,Suzette,no_smartphone2
667,Ezmeralda,no_smartphone2
146,Linet,no_smartphone2
10,Doralynne,no_smartphone1
342,Dorothy,no_smartphone1
616,Tressa,no_smartphone3
275,Lorenza,no_smartphone3
710,Viki,smartphone
789,Nanete,smartphone
378,Danika,no_smartphone3
452,Tonia,no_smartphone1
172,Georgina,no_smartphone2
257,Corly,no_smartphone2
607,Clarice,no_smartphone3
577,Monika,no_smartphone2
565,Sheelagh,no_smartphone3
580,Molli,no_smartphone3
684,Claudina,no_smartphone3
596,Cassandra,no_smartphone2
507,Kial,no_smartphone2
609,Aigneis,no_smartphone3
790,Jessy,no_smartphone2
969,Clo,smartphone
549,Emma,no_smartphone1
154,Marti,smartphone
864,Cacilie,smartphone
560,Janis,smartphone
686,Mildrid,no_smartphone1
324,Beth,no_smartphone3
41,Raina,no_smartphone1
879,Lorenza,no_smartphone1
272,Gianina,no_smartphone2
140,Romona,smartphone
738,Dianemarie,no_smartphone2
898,Lenna,no_smartphone2
784,Averyl,no_smartphone1
899,Maisey,smartphone
292,Adele,smartphone
971,Gwyneth,no_smartphone1
35,Verla,no_smartphone2
803,Katuscha,no_smartphone2
791,Valeda,no_smartphone2
364,Ardys,no_smartphone1
742,Sonni,smartphone
212,Binny,no_smartphone1
947,Carmencita,smartphone
854,Ardenia,no_smartphone1
512,Orsola,no_smartphone1
337,Paola,no_smartphone3
97,Britte,smartphone
936,Bobinette,smartphone
405,Roslyn,no_smartphone1
192,Annora,no_smartphone3
627,Rebeca,smartphone
246,Alexine,no_smartphone3
524,Merrie,no_smartphone2
841,Alameda,no_smartphone2
137,Mallory,no_smartphone1
823,Ida,no_smartphone3
757,Tera,smartphone
798,Ayn,no_smartphone1
468,Audrie,no_smartphone1
909,Joane,smartphone
160,Mamie,no_smartphone1
423,Tabbatha,no_smartphone3
255,Darlleen,no_smartphone1
723,Dorthy,no_smartphone3
509,Anthia,no_smartphone3
389,Zia,smartphone
653,Blake,no_smartphone1
30,Brietta,no_smartphone2
514,Jan,smartphone
376,Nicoli,no_smartphone2
903,Tiffie,no_smartphone3
444,Heida,no_smartphone1
661,Lyssa,no_smartphone1
982,Audrie,no_smartphone3
962,Emilia,smartphone
734,Ericka,no_smartphone3
852,Mariele,no_smartphone2
698,Lorie,no_smartphone1
254,Fredericka,no_smartphone2
848,Britte,no_smartphone1
429,Sharai,no_smartphone2
690,Claresta,smartphone
232,Cherilyn,no_smartphone1
57,Hettie,no_smartphone1
463,Morganica,no_smartphone2
323,Riannon,smartphone
347,Dania,no_smartphone2
911,Roseline,no_smartphone3
167,Valli,no_smartphone2
708,Sharlene,no_smartphone2
91,Roberta,no_smartphone2
303,Sarette,smartphone
693,Darlleen,smartphone
311,Peri,no_smartphone1
879,Gretal,no_smartphone3
461,Alisha,no_smartphone1
699,Gaylene,no_smartphone1
855,Kaja,no_smartphone2
464,Paola,no_smartphone2
665,Dania,no_smartphone3
107,Marinna,smartphone
462,Kittie,no_smartphone3
777,Vinita,smartphone
513,Karly,no_smartphone2
344,Dotty,no_smartphone2
304,Hyacinthe,no_smartphone3
28,Kenna,no_smartphone2
550,Ekaterina,no_smartphone1
259,Cissiee,no_smartphone2
903,Olivette,no_smartphone1
74,Gaylene,no_smartphone2
343,Allyce,no_smartphone2
953,Alameda,smartphone
251,Orsola,smartphone
215,Iseabal,no_smartphone1
778,Edyth,no_smartphone2
386,Sabina,no_smartphone1
533,Alex,no_smartphone2
839,Elvira,no_smartphone1
593,Phylis,smartphone
926,Lolita,no_smartphone1
996,Lyssa,no_smartphone3
727,Dominga,no_smartphone2
232,Audrie,no_smartphone2
131,Gisela,no_smartphone2
183,Melanie,no_smartphone2
681,Kelly,smartphone
576,Eolanda,no_smartphone1
140,Mariann,no_smartphone1
931,Alia,no_smartphone3
614,Mariele,smartphone
499,Karolina,no_smartphone2
978,Rhoda,no_smartphone2
853,Caressa,no_smartphone2
45,Nessie,no_smartphone2
33,Corene,smartphone
557,Carol-Jean,smartphone
248,Lizzie,no_smartphone3
539,Calla,no_smartphone3
814,Rebeca,no_smartphone3
669,Lorenza,no_smartphone2
588,Emilia,no_smartphone3
348,Robbi,smartphone
649,Roseline,smartphone
714,Dacia,no_smartphone3
955,Cissiee,no_smartphone1
81,Emma,no_smartphone2
619,Tabbatha,no_smartphone3
268,Abbie,no_smartphone3
857,Orsola,no_smartphone1
959,Linet,no_smartphone2
290,Inga,no_smartphone1
718,Melisent,no_smartphone1
916,Frieda,no_smartphone1
322,Amelia,no_smartphone1
171,Malina,no_smartphone1
255,Lizzie,no_smartphone1
157,Oralee,no_smartphone1
330,Xylina,no_smartphone1
337,Ericka,no_smartphone2
441,Jasmina,no_smartphone1
956,Kore,no_smartphone3
418,Dulce,no_smartphone1
531,Ekaterina,no_smartphone2
687,Ann-Marie,no_smartphone1
175,Mady,no_smartphone3
849,Aurelie,no_smartphone3
921,Kristina,no_smartphone2
88,Camile,no_smartphone3
552,Jinny,smartphone
384,Britte,no_smartphone1
641,Drucie,no_smartphone3
981,Marline,no_smartphone3
414,Ursulina,no_smartphone3
922,Eve,no_smartphone2
980,Nollie,no_smartphone3
98,Adelle,no_smartphone3
665,Lily,no_smartphone3
743,Leona,no_smartphone2
922,Lucy,no_smartphone2
685,Marita,no_smartphone3
247,Blinni,no_smartphone3
115,Veda,smartphone
991,Devina,no_smartphone2
365,Chickie,no_smartphone2
695,Tersina,no_smartphone3
716,Ardenia,smartphone
888,Vanessa,no_smartphone3
830,Nerta,smartphone
819,Carol-Jean,no_smartphone1
607,Kittie,no_smartphone2
771,Kirstin,smartphone
208,Chastity,no_smartphone3
471,Luci,no_smartphone1
281,Hallie,no_smartphone1
473,Elbertina,no_smartphone1
358,Isa,no_smartphone3
471,Tami,no_smartphone3
755,Hope,smartphone
115,Consuela,no_smartphone2
35,Jere,no_smartphone3
854,Corly,no_smartphone3
93,Cassandra,no_smartphone1
578,Michaelina,no_smartphone3
36,Dawn,no_smartphone3
171,Flo,no_smartphone2
201,Annecorinne,no_smartphone3
573,Kimberley,no_smartphone1
864,Barbara,no_smartphone1
142,Rori,no_smartphone2
907,Elise,no_smartphone1
789,Kara-Lynn,no_smartphone2
825,Tomasina,no_smartphone2
590,Glynnis,no_smartphone3
83,Thalia,no_smartphone2
78,Harmonia,no_smartphone3
154,Elbertina,no_smartphone3
49,Hollie,no_smartphone1
90,Brandise,no_smartphone1
543,Fayre,no_smartphone1
473,Violet,no_smartphone1
99,Bettine,no_smartphone1
941,Kalina,no_smartphone1
142,Di,no_smartphone2
867,Alexine,no_smartphone2
156,Desirae,no_smartphone3
802,Kayla,no_smartphone3