id_receta,nombre,categoria
100,Ivett,No_Mediterránea_2
101,Carilyn,No_Mediterránea_3
102,Kayla,No_Mediterránea_3
103,Henriette,Mediterránea
104,Anallese,Mediterránea
105,Charmaine,No_Mediterránea_2
106,Basia,Mediterránea
107,Viviene,No_Mediterránea_3
108,Devina,No_Mediterránea_3
109,Gerrie,No_Mediterránea_3
110,Estell,No_Mediterránea_3
111,Dale,Mediterránea
112,Josephine,No_Mediterránea_2
113,Paule,No_Mediterránea_1
114,Sophia,No_Mediterránea_1
115,Renae,Mediterránea
116,Celisse,Mediterránea
117,Esmeralda,Mediterránea
118,Tamqrah,Mediterránea
119,Kellen,No_Mediterránea_2
120,Rhea,No_Mediterránea_3
121,Bernie,No_Mediterránea_3
122,Aimil,No_Mediterránea_3
123,Moyna,Mediterránea
124,Elie,No_Mediterránea_3
125,Kamilah,Mediterránea
126,Corly,No_Mediterránea_3
127,Marguerite,Mediterránea
128,Penelopa,Mediterránea
129,Riannon,No_Mediterránea_1
130,Raquela,Mediterránea
131,Max,No_Mediterránea_2
132,Sue,No_Mediterránea_2
133,Kenna,No_Mediterránea_3
134,Elsie,No_Mediterránea_2
135,Nollie,No_Mediterránea_2
136,Adelle,No_Mediterránea_1
137,Sara-Ann,No_Mediterránea_3
138,Cassandra,No_Mediterránea_2
139,Allis,No_Mediterránea_3
140,Feliza,No_Mediterránea_3
141,Constance,No_Mediterránea_2
142,Gavrielle,No_Mediterránea_2
143,Rozele,No_Mediterránea_1
144,Candi,No_Mediterránea_2
145,Mahalia,No_Mediterránea_1
146,Julieta,Mediterránea
147,Blinni,No_Mediterránea_2
148,Glynnis,No_Mediterránea_1
149,Helena,No_Mediterránea_1
150,Phylis,Mediterránea
151,Caritta,No_Mediterránea_1
152,Nanete,No_Mediterránea_3
153,Therine,No_Mediterránea_1
154,Karolina,No_Mediterránea_3
155,Gisela,Mediterránea
156,Sonni,No_Mediterránea_3
157,Christian,No_Mediterránea_2
158,Charlena,No_Mediterránea_2
159,Marylou,No_Mediterránea_3
160,Pollyanna,No_Mediterránea_3
161,Alejandra,Mediterránea
162,Albertina,No_Mediterránea_3
163,Valera,Mediterránea
164,Fred,No_Mediterránea_1
165,Maye,No_Mediterránea_3
166,Vere,No_Mediterránea_2
167,Carmencita,No_Mediterránea_2
168,Luci,No_Mediterránea_1
169,Shannah,No_Mediterránea_1
170,Carmencita,No_Mediterránea_2
171,Rayna,No_Mediterránea_1
172,Morganica,Mediterránea
173,Zsa Zsa,Mediterránea
174,Courtnay,Mediterránea
175,Sidoney,No_Mediterránea_3
176,Sonni,No_Mediterránea_3
177,Cristabel,Mediterránea
178,Phedra,Mediterránea
179,Bernie,No_Mediterránea_1
180,Lorenza,Mediterránea
181,Lily,Mediterránea
182,Florie,Mediterránea
183,Jessy,No_Mediterránea_1
184,Meriel,No_Mediterránea_3
185,Gisela,No_Mediterránea_2
186,Ana,No_Mediterránea_2
187,Merry,No_Mediterránea_2
188,Bernardine,No_Mediterránea_2
189,Glynnis,No_Mediterránea_2
190,Stacey,No_Mediterránea_3
191,Elfreda,No_Mediterránea_3
192,Jerry,No_Mediterránea_3
193,Pollyanna,No_Mediterránea_2
194,Rosabelle,No_Mediterránea_3
195,Tracey,Mediterránea
196,Cristabel,No_Mediterránea_1
197,Teddie,No_Mediterránea_2
198,Adelle,No_Mediterránea_3
199,Raina,No_Mediterránea_3
200,Lulita,No_Mediterránea_3
201,Diena,No_Mediterránea_3
202,Yvonne,No_Mediterránea_2
203,Gilda,Mediterránea
204,Gabi,No_Mediterránea_1
205,Adelle,Mediterránea
206,Jemie,Mediterránea
207,Kristina,No_Mediterránea_1
208,Carmela,Mediterránea
209,Donnie,No_Mediterránea_2
210,Madelle,No_Mediterránea_1
211,Susan,No_Mediterránea_1
212,Hettie,No_Mediterránea_1
213,Gianina,No_Mediterránea_3
214,Debee,No_Mediterránea_2
215,Cyndie,No_Mediterránea_1
216,Courtnay,No_Mediterránea_3
217,Abbie,No_Mediterránea_3
218,Annora,Mediterránea
219,Yvonne,No_Mediterránea_1
220,Larine,Mediterránea
221,Helena,No_Mediterránea_1
222,Randa,Mediterránea
223,Aubrie,No_Mediterránea_2
224,Valli,No_Mediterránea_1
225,Celisse,No_Mediterránea_3
226,Chandra,No_Mediterránea_2
227,Moyna,No_Mediterránea_2
228,Mellicent,No_Mediterránea_2
229,Leontine,No_Mediterránea_1
230,Edith,Mediterránea
231,Cordi,Mediterránea
232,Linzy,Mediterránea
233,Elena,No_Mediterránea_3
234,Therine,No_Mediterránea_3
235,Stevana,No_Mediterránea_2
236,Lorie,No_Mediterránea_1
237,Cristabel,No_Mediterránea_1
238,Kylynn,Mediterránea
239,Elyssa,No_Mediterránea_2
240,Christal,No_Mediterránea_3
241,Teriann,Mediterránea
242,Phedra,No_Mediterránea_2
243,Cordi,Mediterránea
244,Romona,Mediterránea
245,Aubrie,No_Mediterránea_3
246,Glynnis,Mediterránea
247,Alisha,Mediterránea
248,Coral,No_Mediterránea_2
249,Pollyanna,Mediterránea
250,Ezmeralda,No_Mediterránea_2
251,Hallie,No_Mediterránea_3
252,Georgetta,No_Mediterránea_1
253,Kellen,No_Mediterránea_1
254,Jean,Mediterránea
255,Ardeen,Mediterránea
256,Rivalee,Mediterránea
257,Sallie,No_Mediterránea_2
258,Jackie,No_Mediterránea_1
259,Audrie,No_Mediterránea_2
260,Gertrud,No_Mediterránea_3
261,Eadie,Mediterránea
262,Raquela,No_Mediterránea_1
263,Giustina,No_Mediterránea_1
264,Ida,No_Mediterránea_2
265,Riannon,Mediterránea
266,Violet,No_Mediterránea_2
267,Adriana,No_Mediterránea_1
268,Oona,No_Mediterránea_3
269,Odessa,No_Mediterránea_2
270,Rebeca,Mediterránea
271,Kathy,No_Mediterránea_2
272,Kittie,No_Mediterránea_3
273,Jemie,No_Mediterránea_1
274,Layla,No_Mediterránea_1
275,Cam,No_Mediterránea_1
276,Mildrid,No_Mediterránea_2
277,Priscilla,No_Mediterránea_2
278,Max,No_Mediterránea_1
279,Marnia,No_Mediterránea_2
280,Penelopa,No_Mediterránea_1
281,Kristina,No_Mediterránea_3
282,Cyndie,Mediterránea
283,Dulce,No_Mediterránea_3
284,Hermione,No_Mediterránea_3
285,Babita,No_Mediterránea_2
286,Phedra,Mediterránea
287,Fanny,No_Mediterránea_3
288,Nickie,No_Mediterránea_1
289,Norine,No_Mediterránea_1
290,Sherrie,No_Mediterránea_3
291,Flo,No_Mediterránea_1
292,Shaylyn,No_Mediterránea_3
293,Stacey,No_Mediterránea_3
294,Flo,No_Mediterránea_3
295,Harrietta,No_Mediterránea_1
296,Britte,No_Mediterránea_1
297,Rayna,No_Mediterránea_2
298,Brianna,No_Mediterránea_1
299,Fred,No_Mediterránea_1
300,Norine,Mediterránea
301,Gabi,No_Mediterránea_1
302,Doro,Mediterránea
303,Adelle,No_Mediterránea_2
304,Celisse,No_Mediterránea_1
305,Sharai,No_Mediterránea_3
306,Farrah,No_Mediterránea_2
307,Isa,No_Mediterránea_1
308,Georgina,No_Mediterránea_1
309,Chandra,No_Mediterránea_1
310,Moyna,No_Mediterránea_3
311,Chandra,No_Mediterránea_3
312,Lily,Mediterránea
313,Mamie,No_Mediterránea_3
314,Mathilda,No_Mediterránea_1
315,Renie,No_Mediterránea_2
316,Charmaine,Mediterránea
317,Beth,No_Mediterránea_2
318,Cam,No_Mediterránea_1
319,Ariela,Mediterránea
320,Tatiania,No_Mediterránea_2
321,Juliane,No_Mediterránea_1
322,Sharlene,Mediterránea
323,Babita,No_Mediterránea_3
324,Sabina,No_Mediterránea_3
325,Corry,Mediterránea
326,Doro,Mediterránea
327,Rani,No_Mediterránea_1
328,Carilyn,No_Mediterránea_2
329,Mireielle,No_Mediterránea_3
330,Eve,No_Mediterránea_2
331,Roz,No_Mediterránea_1
332,Gilligan,No_Mediterránea_2
333,Brana,No_Mediterránea_1
334,Max,No_Mediterránea_3
335,Suzette,Mediterránea
336,Clary,No_Mediterránea_3
337,Shaine,Mediterránea
338,Pamella,No_Mediterránea_1
339,Rhea,No_Mediterránea_2
340,Taffy,No_Mediterránea_2
341,Penelopa,Mediterránea
342,Sue,No_Mediterránea_1
343,Tierney,No_Mediterránea_2
344,Talya,Mediterránea
345,Philis,Mediterránea
346,Maurene,No_Mediterránea_2
347,Ana,No_Mediterránea_1
348,Brynna,No_Mediterránea_2
349,Clementine,Mediterránea
350,Steffane,Mediterránea
351,Alie,Mediterránea
352,Anthia,No_Mediterránea_2
353,Wilma,No_Mediterránea_1
354,Andree,No_Mediterránea_3
355,Bernardine,No_Mediterránea_1
356,Jasmina,Mediterránea
357,Robbi,No_Mediterránea_2
358,Pierette,No_Mediterránea_1
359,Starla,No_Mediterránea_3
360,Stephanie,No_Mediterránea_3
361,Valeda,No_Mediterránea_3
362,Kaia,Mediterránea
363,Joleen,No_Mediterránea_3
364,Chrystel,Mediterránea
365,Ursulina,No_Mediterránea_3
366,Eugine,No_Mediterránea_2
367,Evaleen,No_Mediterránea_1
368,Gerianna,No_Mediterránea_1
369,Ermengarde,Mediterránea
370,Madalyn,Mediterránea
371,Tera,No_Mediterránea_3
372,Starla,Mediterránea
373,Max,No_Mediterránea_3
374,Marcelline,Mediterránea
375,Dorene,No_Mediterránea_2
376,Romona,No_Mediterránea_1
377,Paulita,No_Mediterránea_1
378,Maud,No_Mediterránea_2
379,Cherrita,No_Mediterránea_3
380,Dianemarie,No_Mediterránea_3
381,Damaris,No_Mediterránea_1
382,Pollyanna,Mediterránea
383,Jaime,No_Mediterránea_2
384,Sophia,No_Mediterránea_1
385,Vevay,No_Mediterránea_1
386,Trudie,Mediterránea
387,Mariann,No_Mediterránea_3
388,Marjie,No_Mediterránea_2
389,Iseabal,No_Mediterránea_2
390,Aimil,No_Mediterránea_1
391,Lynde,No_Mediterránea_1
392,Nessie,No_Mediterránea_3
393,Juliane,No_Mediterránea_1
394,Melina,No_Mediterránea_2
395,Celestyna,No_Mediterránea_2
396,Babita,No_Mediterránea_1
397,Georgina,No_Mediterránea_1
398,Zaria,No_Mediterránea_3
399,Cacilie,Mediterránea