uid,sessionid,event,value,datetime
792,65,ecommerce.view-product,687,2017-02-10
966,891,ecommerce.checkout,357,1903-01-29
710,37,otra_cosa_2,537,1923-07-22
202,136,otra_cosa_1,844,1907-07-17
830,114,ecommerce.view-product,492,1940-11-24
143,459,otra_cosa_1,761,1960-05-15
299,677,ecommerce.checkout,742,1904-04-06
484,490,otra_cosa_3,260,1941-02-23
883,763,otra_cosa_1,248,1935-07-03
625,702,ecommerce.view-product,62,1973-08-05
97,815,otra_cosa_2,972,1911-04-09
240,645,ecommerce.view-product,998,1918-11-19
190,545,ecommerce.view-product,784,1903-10-12
931,140,ecommerce.view-product,273,2005-11-03
833,516,ecommerce.view-product,24,1959-02-20
754,555,ecommerce.conversion,126,2005-09-25
14,583,otra_cosa_2,262,1983-05-18
151,749,ecommerce.checkout,911,1918-06-24
444,633,otra_cosa_3,438,1909-04-12
679,705,otra_cosa_3,580,1900-02-18
393,157,otra_cosa_3,915,1943-09-08
424,66,otra_cosa_3,464,1950-09-14
80,637,ecommerce.view-product,25,1937-02-12
614,967,otra_cosa_3,697,1950-08-09
195,695,otra_cosa_2,676,1914-12-29
639,793,otra_cosa_2,570,1940-03-14
595,110,ecommerce.conversion,843,1974-09-25
528,535,ecommerce.conversion,216,1988-09-09
850,581,ecommerce.conversion,602,2001-08-18
834,26,ecommerce.view-product,381,1949-01-30
311,677,otra_cosa_3,240,1995-11-23
801,148,ecommerce.checkout,697,2015-10-31
64,111,ecommerce.view-product,498,1986-02-10
658,64,otra_cosa_2,33,1905-06-07
889,708,otra_cosa_1,948,1987-03-25
417,972,otra_cosa_1,427,1908-11-25
320,129,otra_cosa_2,342,1911-02-22
89,640,otra_cosa_2,796,1917-08-06
338,610,otra_cosa_2,162,1931-12-16
628,951,ecommerce.checkout,883,1950-01-15
81,294,ecommerce.view-product,506,1923-04-17
321,778,otra_cosa_1,172,1987-09-08
580,452,otra_cosa_1,448,1987-05-26
616,338,ecommerce.view-product,224,1903-12-11
843,780,ecommerce.conversion,441,1923-03-27
879,89,otra_cosa_2,936,1960-06-21
713,407,ecommerce.view-product,394,1910-11-10
393,993,ecommerce.view-product,530,1935-09-05
659,30,otra_cosa_1,799,1960-03-27
683,105,ecommerce.conversion,188,1919-07-04
854,372,ecommerce.conversion,86,1903-11-17
388,734,otra_cosa_3,543,1907-06-22
983,84,otra_cosa_2,139,1914-08-29
967,159,otra_cosa_2,394,1956-01-31
170,659,otra_cosa_3,303,1911-09-02
802,436,otra_cosa_3,930,1911-06-04
995,921,otra_cosa_2,953,1920-06-22
469,540,otra_cosa_1,872,1975-03-29
272,105,ecommerce.view-product,385,1995-03-18
760,820,ecommerce.conversion,698,1944-01-16
338,621,otra_cosa_1,143,2003-05-08
433,158,otra_cosa_3,813,1920-02-14
598,881,otra_cosa_3,898,1925-06-09
209,132,otra_cosa_2,177,1997-08-05
812,414,ecommerce.view-product,585,2011-11-28
112,508,ecommerce.conversion,82,1970-03-15
354,640,ecommerce.conversion,10,2007-10-24
877,673,otra_cosa_1,406,1992-12-05
214,371,otra_cosa_1,533,1998-03-11
508,595,otra_cosa_1,694,1960-10-25
785,489,ecommerce.view-product,219,1908-10-29
877,493,ecommerce.checkout,125,1901-02-25
907,300,otra_cosa_1,583,1992-08-28
282,173,otra_cosa_3,626,1993-06-11
870,202,otra_cosa_3,123,1971-08-31
407,321,ecommerce.view-product,717,1964-10-10
462,450,otra_cosa_1,552,2005-06-01
787,966,ecommerce.checkout,280,1961-11-30
706,569,otra_cosa_2,890,1939-08-25
475,685,ecommerce.checkout,451,1931-09-03
884,86,ecommerce.conversion,300,1940-11-23
325,583,ecommerce.checkout,152,2011-11-27
49,623,otra_cosa_1,190,1979-03-23
694,900,ecommerce.checkout,324,1980-06-07
661,124,otra_cosa_1,78,1932-07-09
75,998,ecommerce.conversion,912,1987-01-17
598,837,ecommerce.view-product,513,1920-09-28
924,21,otra_cosa_1,595,1957-07-21
717,568,otra_cosa_1,575,1953-07-14
754,746,otra_cosa_2,17,1918-04-23
981,509,ecommerce.conversion,884,1911-12-04
134,281,otra_cosa_1,605,1924-04-26
798,668,otra_cosa_3,589,1975-07-07
306,559,ecommerce.view-product,968,2001-06-23
578,123,otra_cosa_1,844,1942-01-16
793,569,otra_cosa_2,962,1935-09-17
626,752,ecommerce.checkout,235,1940-10-08
97,637,otra_cosa_1,950,2010-04-24
434,842,otra_cosa_3,385,2018-07-12
498,648,otra_cosa_2,847,1934-01-02
11,12,otra_cosa_3,755,2004-05-23
971,903,otra_cosa_2,307,1989-04-19
361,497,otra_cosa_1,699,1901-09-05
861,623,otra_cosa_3,594,1961-02-28
170,171,otra_cosa_1,678,1993-01-16
885,11,otra_cosa_1,737,1984-04-14
467,41,otra_cosa_1,221,1901-09-24
279,101,ecommerce.view-product,399,1985-10-19
898,223,otra_cosa_2,146,1962-05-28
278,211,otra_cosa_1,742,1952-01-18
412,220,otra_cosa_2,915,1956-04-11
649,56,ecommerce.view-product,343,2016-04-23
887,616,otra_cosa_2,40,1901-11-29
559,983,ecommerce.conversion,997,1996-01-04
485,49,ecommerce.conversion,853,2018-03-14
62,123,ecommerce.conversion,901,1932-11-26
479,624,otra_cosa_2,598,1945-09-26
137,101,otra_cosa_3,587,2013-04-27
863,648,otra_cosa_3,537,1916-04-30
188,597,ecommerce.checkout,123,1970-08-01
208,937,ecommerce.view-product,42,1914-07-07
867,490,otra_cosa_1,215,1953-03-24
528,720,ecommerce.conversion,384,1973-06-26
116,561,ecommerce.view-product,959,1948-01-08
448,643,otra_cosa_1,850,1949-03-12
232,975,ecommerce.view-product,707,1928-08-16
78,416,ecommerce.checkout,668,1907-05-28
247,865,ecommerce.view-product,597,1927-12-15
70,33,ecommerce.view-product,867,2001-03-05
551,763,otra_cosa_3,847,1993-07-20
19,700,ecommerce.view-product,642,1951-10-24
993,418,ecommerce.view-product,288,1995-05-09
368,517,ecommerce.view-product,719,1949-10-21
455,295,otra_cosa_2,134,1947-10-11
58,163,otra_cosa_1,818,1993-01-01
988,854,otra_cosa_1,638,1945-02-05
69,217,otra_cosa_3,919,1937-09-11
372,113,otra_cosa_2,0,1963-12-27
828,446,otra_cosa_3,102,1992-04-11
458,974,otra_cosa_2,105,1949-09-19
892,47,ecommerce.view-product,124,1933-10-17
954,114,ecommerce.conversion,538,1961-03-09
604,660,ecommerce.checkout,418,1986-12-16
394,876,otra_cosa_3,180,1946-07-22
659,206,ecommerce.checkout,289,1926-08-14
954,703,otra_cosa_3,622,1944-09-12
597,889,otra_cosa_3,79,1936-03-31
251,626,ecommerce.conversion,739,1962-08-22
417,819,otra_cosa_1,501,1994-01-13
330,672,otra_cosa_1,649,1924-07-27
817,914,otra_cosa_2,545,1980-01-30
389,182,ecommerce.conversion,965,1957-09-06
661,822,ecommerce.checkout,15,1966-02-12
368,512,ecommerce.checkout,647,1961-12-23
745,148,ecommerce.checkout,830,1951-02-26
496,44,ecommerce.checkout,54,1935-05-26
603,478,ecommerce.checkout,550,1996-02-08
107,665,ecommerce.checkout,424,1934-10-29
58,635,ecommerce.checkout,963,1942-02-07
576,385,otra_cosa_1,495,1930-01-10
333,651,otra_cosa_3,618,1951-05-06
685,53,ecommerce.view-product,169,2018-03-11
86,941,otra_cosa_3,673,2017-10-08
962,812,otra_cosa_1,587,1902-09-12
469,340,otra_cosa_2,282,1901-05-13
128,158,ecommerce.view-product,650,2002-08-30
777,875,ecommerce.view-product,480,1951-07-29
953,68,ecommerce.conversion,708,1939-09-16
488,892,otra_cosa_2,859,1958-05-15
883,363,ecommerce.checkout,80,1943-09-28
376,483,otra_cosa_3,52,1984-01-27
896,187,ecommerce.view-product,311,1910-11-16
442,565,ecommerce.view-product,645,1978-01-25
129,572,ecommerce.view-product,481,2010-10-13
268,138,ecommerce.view-product,401,1979-03-27
221,136,otra_cosa_1,86,1951-07-09
233,976,otra_cosa_2,132,1982-12-31
667,942,otra_cosa_1,679,1912-04-04
559,830,otra_cosa_3,442,1930-12-30
81,160,otra_cosa_3,790,1961-12-04
119,570,otra_cosa_2,463,1955-03-23
558,788,ecommerce.conversion,831,1977-11-24
787,27,otra_cosa_3,487,1979-08-16
495,712,ecommerce.checkout,751,1979-12-11
662,588,otra_cosa_2,879,1999-12-15
918,106,otra_cosa_1,150,1985-08-09
599,489,otra_cosa_1,653,2001-06-22
271,790,ecommerce.conversion,261,1922-10-09
103,70,ecommerce.checkout,284,1990-01-31
850,645,otra_cosa_2,165,2005-01-19
187,34,ecommerce.checkout,191,1958-02-09
742,948,ecommerce.view-product,264,1946-08-08
693,104,ecommerce.view-product,471,1969-05-26
138,42,otra_cosa_2,1000,1938-07-21
337,284,ecommerce.view-product,972,1974-04-19
433,817,otra_cosa_1,165,1937-05-22
214,744,ecommerce.view-product,811,1923-07-07
994,949,otra_cosa_2,996,1972-01-21
992,645,ecommerce.view-product,50,1973-05-11
75,167,otra_cosa_3,148,1923-08-13
524,563,ecommerce.view-product,489,1941-11-22
751,770,otra_cosa_1,102,2013-10-17
445,377,otra_cosa_2,605,1997-04-17
935,281,otra_cosa_3,188,1960-06-14
377,391,ecommerce.conversion,294,1927-10-15
529,524,ecommerce.view-product,906,1904-01-10
813,797,ecommerce.view-product,468,1946-09-25
620,611,otra_cosa_3,501,2013-06-01
241,486,ecommerce.view-product,896,1994-09-27
372,606,ecommerce.view-product,729,1920-02-11
530,157,otra_cosa_2,787,1935-09-08
337,642,ecommerce.conversion,532,1907-05-07
298,456,ecommerce.checkout,851,1945-01-02
214,116,ecommerce.view-product,356,1939-11-17
625,630,ecommerce.checkout,491,2014-07-27
582,854,ecommerce.checkout,950,1924-02-25
533,43,ecommerce.view-product,322,1994-06-12
755,3,otra_cosa_2,677,2003-01-03
192,76,otra_cosa_2,407,1941-07-04
945,590,otra_cosa_3,784,2018-06-02
934,748,ecommerce.checkout,226,1930-12-07
247,581,ecommerce.checkout,147,1918-02-01
687,9,ecommerce.checkout,645,1918-01-22
969,918,ecommerce.conversion,53,1965-01-22
461,264,otra_cosa_2,17,2010-02-08
78,57,otra_cosa_2,346,1971-04-03
113,844,ecommerce.checkout,838,1900-02-08
415,983,otra_cosa_2,413,1980-05-30
734,116,otra_cosa_1,887,1918-02-23
479,122,ecommerce.checkout,519,1970-06-07
284,65,ecommerce.conversion,705,1946-01-01
613,281,otra_cosa_3,714,1975-07-30
872,310,otra_cosa_2,168,1973-03-15
188,327,otra_cosa_1,636,2015-06-25
2,120,otra_cosa_2,9,2006-06-25
691,649,ecommerce.checkout,528,1965-08-11
905,98,ecommerce.view-product,354,1963-11-14
713,952,ecommerce.checkout,66,1957-02-18
433,173,otra_cosa_1,375,1984-06-21
45,153,ecommerce.conversion,168,1951-04-05
367,465,otra_cosa_2,44,1941-06-21
152,209,otra_cosa_3,213,1956-05-09
168,695,otra_cosa_2,397,1933-04-14
694,194,otra_cosa_2,459,1913-05-28
648,370,ecommerce.conversion,527,1961-03-05
238,505,ecommerce.conversion,687,1940-09-29
610,268,ecommerce.conversion,892,1996-01-09
185,871,otra_cosa_3,472,1947-08-19
749,56,otra_cosa_3,777,2006-10-13
152,35,ecommerce.view-product,314,1994-05-29
977,587,ecommerce.checkout,169,2015-04-16
458,60,ecommerce.checkout,382,1928-04-10
208,119,otra_cosa_3,927,1953-04-20
874,542,ecommerce.checkout,264,1918-05-12
171,411,ecommerce.conversion,192,1948-01-18
427,722,otra_cosa_1,499,1916-11-20
458,192,ecommerce.view-product,494,2002-10-23
294,948,otra_cosa_1,348,1926-09-12
977,222,otra_cosa_2,355,1933-05-26
644,763,otra_cosa_3,972,1982-01-15
123,46,otra_cosa_1,705,1926-05-30
511,880,ecommerce.view-product,207,1916-08-18
479,454,otra_cosa_1,479,1976-06-28
53,866,ecommerce.conversion,42,1989-09-13
612,931,ecommerce.checkout,918,1942-07-17
738,222,ecommerce.conversion,689,1938-08-09
126,392,ecommerce.conversion,69,1920-11-24
582,593,otra_cosa_3,88,1934-03-31
425,38,ecommerce.view-product,959,1951-08-15
8,117,ecommerce.checkout,445,1990-11-19
186,317,ecommerce.view-product,324,1976-04-02
261,568,otra_cosa_2,359,1904-11-04
829,849,otra_cosa_2,959,1915-10-22
156,560,ecommerce.view-product,763,1907-01-12
24,50,otra_cosa_2,268,2010-07-05
188,76,otra_cosa_2,122,1929-12-24
960,784,otra_cosa_1,588,1907-08-15
365,377,ecommerce.checkout,10,2001-08-13
923,542,ecommerce.conversion,622,1942-03-17
236,532,ecommerce.checkout,723,1944-10-27
217,593,ecommerce.checkout,667,2000-05-08
725,523,otra_cosa_3,597,2015-11-23
652,481,ecommerce.view-product,873,1933-10-18
455,18,ecommerce.conversion,868,1998-08-04
324,840,ecommerce.conversion,516,1933-08-22
649,432,ecommerce.checkout,7,1935-05-25
230,398,ecommerce.view-product,650,1967-04-26
894,914,otra_cosa_2,197,1988-08-25
473,897,otra_cosa_1,575,1934-02-13
659,962,ecommerce.view-product,661,1911-06-20
428,708,otra_cosa_2,613,1927-12-07
547,917,otra_cosa_1,715,1940-04-17
33,250,ecommerce.checkout,177,2009-10-15
71,362,ecommerce.view-product,335,1996-05-12
762,593,otra_cosa_2,631,2019-04-03
210,536,ecommerce.checkout,409,1953-11-08
731,262,ecommerce.checkout,484,1927-11-01
196,479,otra_cosa_1,916,1938-11-10
389,813,otra_cosa_1,735,1945-04-30
693,72,ecommerce.checkout,678,1992-02-23
788,771,ecommerce.conversion,791,1916-05-18
71,44,otra_cosa_1,747,1980-07-23
634,220,ecommerce.conversion,285,1928-10-28
538,538,otra_cosa_2,295,1951-02-16
872,371,otra_cosa_2,547,1964-06-29
275,881,ecommerce.view-product,216,1977-01-15
554,150,otra_cosa_1,85,1921-09-02
934,517,ecommerce.conversion,763,1915-08-03
256,632,ecommerce.view-product,57,1982-06-06
777,506,ecommerce.view-product,284,1955-06-24
50,416,ecommerce.checkout,67,1980-03-20
113,72,ecommerce.checkout,977,1930-04-01
498,503,otra_cosa_2,940,1907-03-17
143,52,otra_cosa_3,299,2002-10-28
852,480,ecommerce.conversion,352,1970-01-01
201,412,otra_cosa_3,484,1948-02-21
615,498,otra_cosa_1,72,1917-05-24
242,23,otra_cosa_1,304,2005-08-20
356,800,ecommerce.view-product,714,1947-07-20
261,24,otra_cosa_1,85,1946-02-12
165,833,otra_cosa_1,169,1988-06-04
764,976,ecommerce.view-product,50,1905-03-23
620,811,otra_cosa_3,555,1963-06-08
69,380,ecommerce.view-product,100,2008-11-24
812,61,ecommerce.conversion,527,1972-08-11
869,561,otra_cosa_2,80,1902-02-06
868,360,otra_cosa_2,894,1938-08-20
596,67,ecommerce.conversion,741,1924-09-30
924,83,ecommerce.checkout,817,1926-11-06
713,944,ecommerce.conversion,221,1982-05-11
890,401,otra_cosa_2,767,1952-05-30
593,980,ecommerce.conversion,386,1973-10-23
999,753,otra_cosa_3,718,1956-12-27
564,652,ecommerce.view-product,593,1973-03-15
309,735,otra_cosa_3,205,1907-02-08
526,212,ecommerce.conversion,272,1997-09-22
679,359,otra_cosa_2,772,1972-03-17
737,316,otra_cosa_2,867,1939-07-25
959,748,otra_cosa_2,763,1936-11-26
707,875,ecommerce.checkout,747,2007-10-22
182,203,otra_cosa_2,326,1971-04-06
676,503,otra_cosa_3,445,1934-05-05
891,386,ecommerce.view-product,930,1966-11-11
312,658,ecommerce.checkout,729,2008-11-17
996,880,otra_cosa_3,897,1922-08-18
409,785,otra_cosa_2,738,1924-11-18
419,303,otra_cosa_1,229,1978-08-14
70,461,ecommerce.view-product,669,1947-03-12
363,378,otra_cosa_1,874,1967-09-17
614,696,otra_cosa_3,65,1917-02-08
718,405,otra_cosa_2,868,1969-05-05
21,387,ecommerce.view-product,105,1968-10-13
391,621,otra_cosa_3,540,1967-03-01
398,432,otra_cosa_2,157,2002-05-09
298,342,ecommerce.conversion,712,1926-07-23
277,777,otra_cosa_3,527,1931-05-03
678,971,otra_cosa_2,910,1917-05-09
532,550,ecommerce.view-product,770,2008-01-29
429,670,ecommerce.checkout,691,1910-02-08
382,715,otra_cosa_3,845,1985-01-15
234,792,otra_cosa_3,623,1915-02-04
423,119,otra_cosa_2,35,1939-10-31
717,248,otra_cosa_2,782,1987-09-05
252,970,otra_cosa_1,202,1911-06-25
625,313,otra_cosa_2,230,1951-08-18
325,825,otra_cosa_2,913,1980-03-26
663,613,ecommerce.view-product,265,1934-05-02
930,207,ecommerce.checkout,607,1965-07-14
800,753,otra_cosa_2,521,2017-06-02
965,683,ecommerce.checkout,384,1960-06-04
708,800,otra_cosa_2,427,1974-04-19
68,681,ecommerce.checkout,203,2003-10-16
241,771,otra_cosa_2,714,1981-05-06
321,639,otra_cosa_1,434,1994-05-12
137,867,otra_cosa_1,858,1973-10-29
968,252,otra_cosa_3,990,1954-09-14
933,280,otra_cosa_3,884,2015-10-06
929,642,otra_cosa_3,394,1987-11-13
863,17,otra_cosa_3,647,1945-03-21
595,49,ecommerce.checkout,799,2010-07-08
424,30,otra_cosa_2,542,1966-02-02
282,847,otra_cosa_2,655,2002-05-14
973,832,otra_cosa_1,973,1942-09-24
839,916,ecommerce.checkout,643,1976-02-20
739,97,ecommerce.conversion,448,2012-05-10
632,141,ecommerce.view-product,646,1955-08-15
211,140,ecommerce.checkout,256,1965-01-08
820,49,ecommerce.view-product,229,1984-09-16
873,327,otra_cosa_2,729,1956-01-29
185,644,otra_cosa_1,782,1969-04-12
944,715,ecommerce.conversion,918,1910-11-02
273,556,ecommerce.view-product,761,2010-02-10
633,853,ecommerce.conversion,9,1981-04-22
875,959,otra_cosa_3,176,1965-01-03
658,624,ecommerce.view-product,82,1989-04-23
402,188,otra_cosa_3,804,1923-04-26
996,865,otra_cosa_2,296,1913-07-20
197,217,ecommerce.checkout,248,1904-02-06
182,118,otra_cosa_2,326,1938-05-15
159,655,ecommerce.checkout,298,1961-01-18
251,84,otra_cosa_2,192,1981-11-21
597,205,ecommerce.checkout,211,1957-07-27
683,27,otra_cosa_3,615,2018-02-19
915,632,ecommerce.view-product,176,1901-06-08
707,171,otra_cosa_2,629,1972-04-22
673,194,ecommerce.conversion,114,1925-06-03
170,19,otra_cosa_1,871,1926-10-10
588,568,otra_cosa_3,824,1988-07-31
904,314,ecommerce.conversion,991,2004-04-19
929,136,otra_cosa_2,305,2001-01-06
906,772,ecommerce.view-product,291,1992-10-24
54,798,ecommerce.checkout,230,1944-09-17
472,291,otra_cosa_1,952,1934-09-29
545,632,ecommerce.conversion,861,1997-06-25
258,412,ecommerce.view-product,903,1966-11-06
154,205,ecommerce.conversion,644,1938-05-31
111,56,otra_cosa_2,122,2002-01-14
859,201,ecommerce.checkout,603,1906-03-18
212,773,otra_cosa_3,94,1951-03-22
745,415,ecommerce.checkout,867,1950-11-10
706,551,ecommerce.checkout,242,1925-10-14
778,587,ecommerce.view-product,424,1907-12-15
300,364,otra_cosa_2,362,1973-12-01
956,940,ecommerce.conversion,48,2009-06-23
822,170,otra_cosa_3,454,1920-02-11
659,894,ecommerce.checkout,834,1902-08-26
815,488,ecommerce.view-product,270,1920-09-13
671,965,otra_cosa_1,182,1938-05-21
50,99,ecommerce.checkout,523,1995-02-11
822,400,ecommerce.conversion,633,1990-07-11
461,793,ecommerce.conversion,988,1958-08-02
625,138,otra_cosa_2,520,1908-11-18
577,762,otra_cosa_1,0,1924-06-12
186,780,ecommerce.checkout,458,1985-01-22
556,939,otra_cosa_1,265,1933-03-11
936,635,otra_cosa_2,536,2004-12-14
26,696,ecommerce.conversion,245,1981-05-22
417,752,otra_cosa_3,492,2017-10-09
984,485,ecommerce.conversion,603,1907-03-16
805,185,otra_cosa_1,1000,1965-10-13
142,249,ecommerce.conversion,948,2017-02-15
795,732,ecommerce.checkout,629,1953-02-07
377,320,ecommerce.view-product,117,1969-01-05
523,799,otra_cosa_3,823,1996-03-13
683,845,ecommerce.view-product,624,1984-08-26
125,211,otra_cosa_3,813,1927-11-07
815,587,otra_cosa_2,647,1909-06-20
948,939,ecommerce.conversion,420,2017-11-06
184,941,otra_cosa_1,408,1926-01-29
153,718,otra_cosa_3,824,1905-02-21
990,808,otra_cosa_3,432,2006-11-09
617,26,otra_cosa_2,343,1989-03-19
147,290,ecommerce.checkout,359,1930-02-22
274,47,otra_cosa_2,935,1945-02-01
79,905,otra_cosa_3,959,1907-03-26
615,492,ecommerce.conversion,621,1947-09-29
11,448,ecommerce.view-product,530,1916-10-31
211,516,ecommerce.view-product,920,1968-01-19
760,817,otra_cosa_1,850,1981-09-06
680,970,ecommerce.checkout,612,1938-02-21
901,806,ecommerce.checkout,882,1953-03-29
961,380,otra_cosa_2,462,1936-06-16
485,989,ecommerce.conversion,647,1977-11-21
238,762,otra_cosa_1,440,1920-07-09
826,124,ecommerce.view-product,808,1955-12-30
753,804,ecommerce.checkout,594,1995-03-20
296,828,otra_cosa_3,4,1986-12-19
372,589,ecommerce.checkout,568,1923-07-12
314,372,ecommerce.checkout,541,1968-06-11
467,403,otra_cosa_1,167,1932-05-03
558,481,ecommerce.conversion,250,1990-11-11
157,690,ecommerce.view-product,626,1917-04-07
108,677,otra_cosa_2,311,1981-11-18
735,62,ecommerce.conversion,296,2006-08-05
631,592,otra_cosa_3,394,2016-02-14
715,950,otra_cosa_1,840,1937-02-10
668,718,otra_cosa_1,387,1965-06-25
867,718,ecommerce.view-product,783,1912-10-17
331,184,otra_cosa_2,982,1973-04-12
446,967,ecommerce.conversion,632,1926-08-11
761,215,ecommerce.view-product,689,2013-01-10
512,881,otra_cosa_1,253,1929-05-09
877,863,ecommerce.conversion,214,1994-10-29
929,650,otra_cosa_2,689,1977-01-13
317,427,otra_cosa_3,324,1982-08-21
990,248,ecommerce.view-product,31,1979-10-08
322,649,ecommerce.checkout,781,1975-01-22
819,264,ecommerce.view-product,241,2002-07-27
197,328,ecommerce.view-product,340,1963-01-31
767,578,otra_cosa_3,725,1927-04-13
460,799,ecommerce.conversion,500,1915-01-26
795,171,otra_cosa_1,846,1988-03-28
801,817,otra_cosa_1,959,1901-07-30
102,626,ecommerce.conversion,265,1921-02-03
605,704,otra_cosa_3,358,2019-11-30
318,217,ecommerce.view-product,285,1945-04-12
967,449,ecommerce.view-product,694,1917-08-12
10,434,ecommerce.checkout,547,1959-08-28
507,388,ecommerce.checkout,639,1922-02-17
750,62,otra_cosa_1,713,1904-01-18
812,144,ecommerce.conversion,392,2002-12-02
722,225,ecommerce.checkout,762,1975-12-05
892,120,otra_cosa_1,24,1951-05-06
570,288,ecommerce.view-product,99,1959-05-11
477,919,otra_cosa_2,794,1931-06-19
376,319,ecommerce.view-product,775,1993-04-16
196,833,otra_cosa_1,925,1994-01-10
362,667,ecommerce.conversion,629,1960-07-17
761,356,otra_cosa_3,999,2008-12-14
329,271,otra_cosa_3,539,1903-11-14
65,68,otra_cosa_1,153,1986-11-27
751,927,otra_cosa_2,341,1985-10-31
562,855,ecommerce.view-product,886,1997-02-14
273,493,otra_cosa_3,525,1903-03-03
315,686,ecommerce.checkout,499,2000-05-27
953,653,otra_cosa_3,375,1966-01-07
747,74,otra_cosa_2,240,1972-04-04
942,948,otra_cosa_2,478,1902-05-06
898,833,ecommerce.conversion,866,1937-12-27
417,431,ecommerce.checkout,187,1907-01-22
910,859,otra_cosa_2,773,1912-08-06
13,166,ecommerce.view-product,184,1941-07-24
65,526,otra_cosa_2,415,1966-04-02
989,202,otra_cosa_1,548,1951-12-17
879,116,otra_cosa_2,312,1919-04-03
467,347,ecommerce.view-product,208,1914-10-25
228,325,ecommerce.view-product,609,1943-08-26
31,422,otra_cosa_1,18,1926-04-01
678,276,otra_cosa_1,903,1904-02-13
614,164,otra_cosa_2,168,1997-04-24
162,890,otra_cosa_1,967,1992-09-18
35,924,ecommerce.conversion,275,1990-06-18
187,423,otra_cosa_2,372,1979-10-01
767,600,ecommerce.conversion,379,1998-10-15
523,370,otra_cosa_3,458,2015-08-22
513,661,ecommerce.checkout,737,2011-07-11
669,64,ecommerce.conversion,200,2009-08-03
247,631,ecommerce.view-product,399,1911-10-16
928,624,otra_cosa_2,966,1931-08-13
181,379,ecommerce.checkout,382,1958-12-29
155,924,ecommerce.checkout,240,1968-05-31
675,541,otra_cosa_3,739,1905-03-05
42,529,otra_cosa_2,634,1937-03-18
45,307,ecommerce.view-product,79,1940-12-05
866,246,ecommerce.checkout,458,1987-08-28
958,680,otra_cosa_3,215,2011-01-17
927,49,ecommerce.conversion,243,1931-06-05
27,248,ecommerce.conversion,471,1954-05-14
550,163,ecommerce.conversion,394,1915-06-16
941,109,ecommerce.checkout,790,1979-02-20
578,540,otra_cosa_2,173,1962-10-25
645,309,ecommerce.conversion,97,2009-09-24
521,601,ecommerce.view-product,75,2009-09-25
56,271,ecommerce.view-product,962,1907-03-30
902,121,ecommerce.view-product,568,1951-07-09
275,797,otra_cosa_2,341,1905-06-29
754,797,otra_cosa_3,747,2001-04-14
838,209,ecommerce.conversion,990,1940-01-26
966,612,otra_cosa_2,686,1904-08-10
95,420,ecommerce.view-product,733,1985-02-03
863,500,otra_cosa_3,687,1960-01-17
523,999,ecommerce.view-product,755,1965-06-17
692,195,otra_cosa_3,754,1942-09-10
942,988,otra_cosa_2,900,1905-01-06
904,183,ecommerce.view-product,852,1972-08-28
768,515,ecommerce.conversion,422,1985-07-13
206,618,otra_cosa_3,406,2018-08-30
521,822,ecommerce.view-product,586,1951-05-01
111,128,otra_cosa_3,403,1950-02-26
111,472,ecommerce.checkout,620,1924-01-06
150,911,ecommerce.conversion,536,1978-01-16
83,220,ecommerce.checkout,75,1900-05-15
544,652,ecommerce.view-product,40,1983-05-17
690,706,ecommerce.conversion,572,2008-10-01
16,444,ecommerce.view-product,360,1932-12-30
702,811,ecommerce.view-product,583,1936-01-06
537,967,otra_cosa_2,836,1969-07-08
419,704,otra_cosa_1,203,1956-06-22
931,612,ecommerce.conversion,51,2006-06-07
280,819,ecommerce.checkout,573,1969-11-01
699,510,otra_cosa_2,944,2008-04-15
367,879,otra_cosa_1,951,1931-06-01
574,302,otra_cosa_1,743,1969-08-11
349,644,otra_cosa_1,153,1942-07-17
8,461,ecommerce.conversion,198,1970-04-29
630,133,otra_cosa_3,914,1920-02-24
51,205,ecommerce.conversion,840,1948-11-11
722,971,ecommerce.view-product,249,1964-09-17
882,600,otra_cosa_2,953,1950-03-30
718,936,otra_cosa_1,309,1939-12-09
165,580,ecommerce.checkout,826,2014-05-18
482,848,ecommerce.checkout,612,1957-06-24
8,126,ecommerce.conversion,272,2000-05-24
649,154,ecommerce.conversion,340,2007-01-14
738,861,otra_cosa_1,37,1979-03-07
381,132,otra_cosa_2,315,1982-05-15
773,907,otra_cosa_3,111,1966-07-02
325,430,otra_cosa_2,365,2003-12-30
820,334,ecommerce.view-product,576,1931-03-10
615,368,ecommerce.conversion,508,1977-02-19
182,175,otra_cosa_2,590,2008-12-22
532,750,ecommerce.checkout,30,2012-11-07
744,636,otra_cosa_2,207,1943-03-05
407,365,ecommerce.conversion,238,1953-09-01
425,616,otra_cosa_2,514,1949-08-20
244,264,otra_cosa_2,433,1951-03-08
509,225,otra_cosa_1,141,1944-05-21
708,80,otra_cosa_3,467,1970-07-27
392,179,otra_cosa_3,908,1931-06-30
45,831,otra_cosa_3,303,1962-08-02
616,178,ecommerce.checkout,835,1983-11-03
397,752,otra_cosa_3,46,1998-04-15
555,697,otra_cosa_2,544,1904-09-01
464,463,ecommerce.view-product,123,1916-04-03
760,134,ecommerce.checkout,984,1999-09-02
441,246,ecommerce.view-product,297,1978-08-01
660,571,ecommerce.checkout,157,1991-01-19
848,643,otra_cosa_1,658,1939-02-28
503,143,ecommerce.conversion,818,1942-01-20
930,341,ecommerce.view-product,214,1975-05-25
254,207,otra_cosa_2,184,1937-12-16
313,640,ecommerce.conversion,778,2016-11-25
995,154,otra_cosa_2,721,1932-01-05
434,566,otra_cosa_3,724,1979-07-20
664,693,ecommerce.conversion,230,1906-07-30
161,836,otra_cosa_2,655,1925-09-23
847,987,otra_cosa_1,632,2017-07-23
813,463,ecommerce.conversion,434,1998-06-10
354,382,ecommerce.conversion,683,1991-01-30
915,141,otra_cosa_1,13,2010-04-17
684,132,otra_cosa_2,387,1981-08-12
32,625,otra_cosa_2,613,2008-04-23
692,292,ecommerce.checkout,163,1985-05-14
323,883,ecommerce.view-product,295,1961-06-07
347,268,ecommerce.conversion,322,1937-08-26
315,595,otra_cosa_2,914,1931-06-11
228,724,otra_cosa_2,878,1930-03-20
367,21,otra_cosa_2,311,1926-03-25
17,573,otra_cosa_2,168,2019-08-27
474,931,otra_cosa_2,352,1908-04-21
524,550,otra_cosa_1,556,1921-08-31
958,337,ecommerce.checkout,221,2009-03-26
328,703,ecommerce.view-product,623,1939-04-12
72,791,otra_cosa_3,803,2001-12-27
137,365,otra_cosa_1,104,1929-10-29
484,872,otra_cosa_1,151,2001-11-09
789,247,otra_cosa_2,442,1938-08-07
974,985,ecommerce.view-product,367,2014-10-10
230,397,otra_cosa_2,943,1957-01-01
988,876,ecommerce.checkout,411,1913-05-19
636,689,otra_cosa_1,142,1917-04-23
974,665,ecommerce.view-product,438,2014-12-09
390,321,ecommerce.conversion,125,1915-06-27
732,844,otra_cosa_1,791,1967-11-24
613,864,otra_cosa_3,784,1914-06-10
1000,75,otra_cosa_2,141,1905-06-24
404,91,ecommerce.view-product,144,1977-07-02
473,828,otra_cosa_2,866,1901-10-29
955,157,ecommerce.view-product,188,1987-12-05
180,325,ecommerce.view-product,523,1984-09-29
189,165,ecommerce.view-product,345,1985-06-30
773,477,ecommerce.view-product,305,1943-11-04
445,853,otra_cosa_3,935,1901-08-03
174,754,otra_cosa_1,444,2011-03-23
481,373,otra_cosa_3,549,1916-02-11
3,764,otra_cosa_3,473,1985-08-03
495,684,otra_cosa_3,954,1903-10-14
745,825,otra_cosa_3,937,2000-07-22
21,588,ecommerce.checkout,222,1966-09-19
806,931,ecommerce.conversion,372,1975-09-27
888,151,otra_cosa_1,694,1965-03-03
238,889,otra_cosa_1,613,1912-11-27
817,943,otra_cosa_1,12,1924-02-04
959,99,ecommerce.conversion,894,2016-10-04
588,129,ecommerce.checkout,406,1989-01-23
33,26,otra_cosa_1,295,1958-02-12
407,295,otra_cosa_1,267,1903-05-05
322,228,otra_cosa_3,217,1950-12-25
613,643,otra_cosa_1,694,1983-10-11
902,836,otra_cosa_1,599,1948-09-18
798,655,ecommerce.conversion,452,1934-05-12
372,54,otra_cosa_3,468,1944-02-09
596,489,otra_cosa_3,996,1959-01-17
553,925,ecommerce.view-product,101,1968-10-14
648,465,ecommerce.checkout,969,1957-08-08
847,968,otra_cosa_3,874,1977-09-19
353,811,otra_cosa_3,729,1914-02-07
563,1,ecommerce.view-product,23,1917-10-23
488,320,ecommerce.conversion,458,1997-04-02
858,968,ecommerce.conversion,118,1989-02-24
724,276,otra_cosa_3,30,2005-08-25
677,203,otra_cosa_1,722,1965-04-16
319,403,ecommerce.conversion,559,2019-01-11
835,664,ecommerce.checkout,534,1984-08-06
1000,948,otra_cosa_2,465,1911-07-04
674,251,otra_cosa_3,421,1950-02-08
736,810,otra_cosa_2,879,1912-04-15
898,530,otra_cosa_1,616,1952-12-05
532,855,ecommerce.view-product,185,1928-09-26
564,101,otra_cosa_1,1,1969-07-02
823,606,otra_cosa_1,41,1914-05-10
457,147,otra_cosa_2,607,1934-06-20
27,349,otra_cosa_2,22,1956-11-25
729,804,otra_cosa_1,494,1964-01-12
957,695,otra_cosa_2,968,1982-05-04
255,332,otra_cosa_3,302,1909-04-20
709,159,otra_cosa_3,475,1974-12-30
865,493,ecommerce.checkout,882,1911-06-29
422,883,ecommerce.checkout,496,1935-10-22
353,123,otra_cosa_2,816,2014-11-23
483,551,ecommerce.view-product,170,2000-02-02
977,654,otra_cosa_3,329,1902-05-05
855,373,ecommerce.checkout,61,1987-12-05
827,18,ecommerce.view-product,492,1987-02-03
635,584,otra_cosa_2,284,1940-01-26
646,871,otra_cosa_3,156,1913-03-27
800,987,otra_cosa_2,910,1944-11-12
113,407,ecommerce.conversion,315,1912-09-17
883,210,otra_cosa_3,288,1900-08-24
610,478,otra_cosa_2,36,1919-08-06
438,745,ecommerce.conversion,805,1936-10-30
349,282,otra_cosa_1,630,1913-06-23
899,453,ecommerce.checkout,635,2017-04-21
424,889,ecommerce.view-product,938,2015-08-04
688,815,ecommerce.conversion,844,1944-10-20
305,212,ecommerce.view-product,911,1979-08-23
25,515,ecommerce.checkout,933,1978-08-07
101,238,ecommerce.conversion,122,1984-05-06
616,698,ecommerce.conversion,30,1943-09-29
133,482,ecommerce.checkout,401,1983-08-09
820,996,otra_cosa_2,299,1936-10-06
871,670,otra_cosa_2,832,1988-06-16
613,36,otra_cosa_2,927,1922-09-11
553,2,ecommerce.checkout,575,1948-06-27
247,858,ecommerce.checkout,121,1921-08-02
584,480,ecommerce.conversion,308,1903-02-12
693,273,ecommerce.checkout,914,1981-01-23
937,673,otra_cosa_2,537,1943-07-09
324,708,ecommerce.checkout,546,1938-06-09
863,932,ecommerce.checkout,687,1965-08-30
266,62,otra_cosa_3,774,1907-05-27
320,594,otra_cosa_2,594,1992-03-29
991,266,otra_cosa_3,907,1936-03-12
496,735,ecommerce.conversion,893,1957-03-30
554,599,ecommerce.conversion,763,1980-07-01
608,645,ecommerce.conversion,344,1927-06-05
841,755,ecommerce.conversion,131,1936-03-26
29,46,ecommerce.conversion,926,2019-03-09
776,780,otra_cosa_3,844,1927-01-10
790,348,otra_cosa_2,869,1941-07-11
210,25,ecommerce.checkout,86,1959-01-27
255,755,otra_cosa_3,472,1968-08-15
641,984,otra_cosa_1,44,1973-05-11
843,450,ecommerce.conversion,973,1923-03-03
398,494,otra_cosa_2,506,1912-03-10
246,296,ecommerce.conversion,372,1927-02-27
452,348,otra_cosa_3,65,1942-09-05
414,227,ecommerce.view-product,818,2015-05-23
140,147,ecommerce.conversion,828,1910-07-11
899,182,ecommerce.checkout,559,1910-10-15
805,222,ecommerce.conversion,552,1987-08-31
994,350,otra_cosa_3,332,1939-11-01
275,44,otra_cosa_3,575,1910-03-10
225,67,ecommerce.view-product,18,1963-08-10
478,121,ecommerce.view-product,800,1955-12-29
218,33,otra_cosa_2,809,1953-03-22
927,215,otra_cosa_2,798,2009-03-07
746,729,ecommerce.conversion,798,1944-12-17
963,190,ecommerce.conversion,832,1937-01-08
452,455,otra_cosa_2,197,1993-01-15
981,642,otra_cosa_2,295,1981-12-20
67,97,otra_cosa_1,713,1992-08-10
747,137,ecommerce.checkout,748,1906-06-25
233,789,ecommerce.view-product,37,2018-04-22
957,673,otra_cosa_2,798,2002-04-17
731,766,ecommerce.conversion,819,1912-03-25
418,545,otra_cosa_2,588,1954-04-28
864,647,otra_cosa_2,865,1957-10-29
936,872,ecommerce.conversion,912,1963-02-21
916,414,otra_cosa_1,821,1919-03-30
756,604,ecommerce.view-product,354,1930-02-22
80,730,ecommerce.conversion,169,1973-07-30
408,614,ecommerce.view-product,711,1910-03-14
108,128,ecommerce.view-product,429,2005-07-18
597,670,otra_cosa_3,457,1920-09-08
619,770,ecommerce.conversion,634,1951-07-28
496,355,otra_cosa_2,247,1985-01-14
28,698,otra_cosa_3,590,1921-01-31
182,135,otra_cosa_3,74,1962-04-03
861,17,otra_cosa_1,917,1942-10-26
717,727,otra_cosa_2,206,1983-04-26
781,971,ecommerce.view-product,248,1923-10-16
998,946,ecommerce.conversion,772,2007-12-23
86,256,otra_cosa_3,714,2009-08-22
398,116,otra_cosa_1,882,2002-07-29
817,606,otra_cosa_3,472,1911-02-18
563,968,otra_cosa_2,29,1922-05-21
307,799,otra_cosa_3,490,2018-10-01
228,949,ecommerce.checkout,774,1922-11-08
532,719,ecommerce.checkout,123,1977-11-30
813,821,ecommerce.checkout,362,1981-02-03
18,463,otra_cosa_1,407,2017-07-28
933,205,otra_cosa_3,949,1979-08-06
931,740,ecommerce.checkout,124,1971-09-02
895,503,ecommerce.view-product,400,1966-10-20
70,357,otra_cosa_3,634,1964-10-14
131,901,ecommerce.conversion,731,1905-06-08
546,139,otra_cosa_1,464,1943-12-07
393,179,otra_cosa_1,273,1970-12-28
476,998,otra_cosa_1,879,2015-09-10
931,648,ecommerce.view-product,90,2014-08-31
975,698,ecommerce.checkout,441,1908-11-02
432,727,ecommerce.conversion,948,1917-11-26
376,989,otra_cosa_1,673,1931-11-24
574,931,ecommerce.view-product,947,1936-03-14
927,520,ecommerce.checkout,472,1928-03-28
154,950,otra_cosa_2,971,1986-10-10
805,884,otra_cosa_2,770,1955-07-06
356,22,ecommerce.conversion,472,1934-10-16
107,137,ecommerce.checkout,77,1989-05-10
753,112,ecommerce.checkout,215,1942-04-26
963,955,otra_cosa_2,702,1959-12-18
852,404,ecommerce.conversion,876,2013-10-22
752,273,otra_cosa_2,258,1913-09-05
635,706,otra_cosa_1,179,1965-06-13
203,825,ecommerce.view-product,121,1919-04-15
894,900,ecommerce.conversion,862,1996-11-14
763,616,otra_cosa_3,634,1926-02-13
232,360,otra_cosa_1,400,2008-12-15
389,450,otra_cosa_1,713,1947-01-28
44,245,otra_cosa_2,233,2008-02-10
539,796,otra_cosa_2,345,1975-11-20
98,587,ecommerce.view-product,844,1923-05-23
13,645,ecommerce.view-product,12,1937-12-18
316,207,otra_cosa_1,808,2016-06-10
382,921,ecommerce.checkout,94,1910-05-28
327,650,otra_cosa_3,315,1993-09-03
480,322,ecommerce.checkout,130,1931-08-31
20,704,ecommerce.view-product,204,1960-04-27
781,215,ecommerce.conversion,848,1977-08-06
428,419,ecommerce.view-product,412,1939-03-24
16,739,otra_cosa_2,716,2004-11-29
424,970,otra_cosa_2,139,2009-05-18
704,218,otra_cosa_1,227,2004-02-13
549,811,ecommerce.checkout,931,2016-01-18
7,323,ecommerce.conversion,121,1908-03-23
697,338,otra_cosa_2,188,1954-04-19
585,315,otra_cosa_3,992,1916-06-27
151,875,ecommerce.conversion,854,2014-09-09
202,268,ecommerce.checkout,602,1981-11-30
89,462,ecommerce.view-product,152,1922-11-19
32,257,ecommerce.view-product,852,1993-06-29
234,288,ecommerce.checkout,648,1931-06-02
719,402,ecommerce.checkout,734,1957-10-16
508,373,ecommerce.checkout,157,2006-11-06
232,608,otra_cosa_3,15,1973-08-20
520,988,ecommerce.checkout,995,1901-08-19
526,775,ecommerce.view-product,86,1953-10-24
235,369,ecommerce.view-product,709,1949-12-07
345,6,ecommerce.checkout,53,1914-08-27
356,186,otra_cosa_2,711,2011-12-22
95,15,otra_cosa_3,703,1943-11-10
41,808,otra_cosa_1,779,1942-11-15
589,808,otra_cosa_2,562,1909-10-22
654,767,ecommerce.view-product,236,1910-01-14
490,160,ecommerce.checkout,91,2019-02-05
172,28,ecommerce.conversion,635,1910-11-14
970,549,otra_cosa_3,211,1991-03-05
921,597,ecommerce.conversion,194,1923-09-28
533,696,ecommerce.view-product,590,1935-12-27
62,817,otra_cosa_3,595,1930-08-08
185,411,otra_cosa_2,238,1935-10-01
146,732,ecommerce.view-product,385,1951-09-22
61,373,ecommerce.conversion,27,1931-07-01
357,949,otra_cosa_2,10,2015-01-22
71,550,ecommerce.conversion,805,1920-10-31
107,592,ecommerce.view-product,612,1946-05-18
509,438,ecommerce.view-product,410,1927-10-09
25,336,ecommerce.view-product,315,1922-06-17
24,377,ecommerce.checkout,70,1983-06-09
603,693,ecommerce.checkout,267,2000-04-01
455,557,ecommerce.checkout,92,1998-04-15
639,805,otra_cosa_3,616,1966-03-10
570,227,ecommerce.conversion,265,1950-08-17
436,728,ecommerce.view-product,186,1997-09-04
485,733,ecommerce.conversion,373,2017-11-02
823,739,ecommerce.conversion,310,1923-11-13
803,470,otra_cosa_1,420,1951-02-27
975,314,ecommerce.conversion,133,1991-09-02
647,20,otra_cosa_1,745,1945-07-20
507,917,otra_cosa_2,796,1934-02-10
736,511,otra_cosa_3,373,1952-11-21
966,393,otra_cosa_2,998,1967-02-26
755,500,ecommerce.conversion,580,1959-09-23
694,728,otra_cosa_2,275,1937-07-25
442,357,otra_cosa_2,970,2012-06-22
381,706,otra_cosa_3,36,1957-08-17
527,364,ecommerce.conversion,875,1986-12-31
631,956,otra_cosa_2,13,1904-03-02
24,884,ecommerce.view-product,792,2003-12-27
313,527,otra_cosa_3,100,1920-03-25
17,584,ecommerce.view-product,639,2008-08-30
303,15,ecommerce.view-product,630,1979-07-18
408,272,ecommerce.conversion,322,1925-10-24
431,580,otra_cosa_2,121,1960-08-05
503,320,ecommerce.view-product,698,1941-12-01
508,768,otra_cosa_1,838,1935-01-13
383,709,otra_cosa_3,403,1937-10-04
846,792,ecommerce.view-product,352,1995-10-01
58,193,otra_cosa_2,722,1955-09-23
721,24,otra_cosa_1,794,1997-11-21
993,338,otra_cosa_3,805,1961-02-05
61,610,otra_cosa_1,162,2014-12-15
49,145,ecommerce.conversion,255,1975-11-14
77,375,ecommerce.conversion,249,1942-10-20
677,267,otra_cosa_2,419,1996-10-27
648,872,otra_cosa_2,347,2002-01-01
457,784,ecommerce.conversion,594,1991-11-23
423,735,ecommerce.checkout,180,1990-12-04
880,192,otra_cosa_2,65,1985-11-12
571,309,otra_cosa_2,570,2016-12-01
536,531,ecommerce.conversion,518,1942-05-31
67,420,ecommerce.checkout,422,1923-05-12
291,888,otra_cosa_3,876,1983-09-01
149,192,ecommerce.view-product,830,2018-10-17
716,258,ecommerce.view-product,906,2007-02-26
711,319,ecommerce.conversion,409,1944-09-11
894,623,ecommerce.checkout,479,2009-10-15
696,558,ecommerce.view-product,480,1943-08-06
520,772,otra_cosa_3,150,1920-03-25
345,271,otra_cosa_3,171,1935-01-21
340,325,otra_cosa_2,117,1952-01-05
29,243,otra_cosa_3,489,1944-05-13
249,745,otra_cosa_2,188,1936-08-19
767,463,otra_cosa_3,697,2012-11-23
106,791,otra_cosa_1,333,1942-09-02
905,384,otra_cosa_1,471,1998-10-18
649,914,otra_cosa_3,45,1906-10-18
439,825,ecommerce.view-product,271,1966-04-07
944,539,ecommerce.checkout,712,2002-01-16
28,597,ecommerce.view-product,854,1928-03-16
877,41,ecommerce.conversion,935,1967-05-22
175,219,ecommerce.view-product,29,2019-01-09
378,428,ecommerce.conversion,848,1940-06-06
766,168,ecommerce.conversion,315,1959-09-05
760,802,ecommerce.conversion,453,1991-11-16
853,567,otra_cosa_2,378,2005-01-11
936,763,otra_cosa_1,402,1974-12-02
477,687,otra_cosa_1,294,1980-07-09
85,426,otra_cosa_1,27,1924-04-18
930,663,otra_cosa_1,195,2003-05-28
411,975,ecommerce.view-product,342,1917-01-14
898,201,ecommerce.conversion,118,1956-10-30
726,593,otra_cosa_2,496,1981-01-28
970,286,ecommerce.view-product,572,1973-08-16
501,702,ecommerce.checkout,653,1951-09-26
129,368,otra_cosa_1,221,1953-01-10
577,391,ecommerce.conversion,479,1923-01-25
91,552,otra_cosa_1,887,2018-04-02
757,108,ecommerce.conversion,448,2007-02-14
763,941,ecommerce.conversion,93,1903-08-04
890,116,otra_cosa_3,921,1994-09-01
228,780,ecommerce.conversion,327,1966-03-17
596,491,otra_cosa_1,609,1961-09-13
961,501,otra_cosa_2,204,1941-10-15
126,829,ecommerce.view-product,828,1942-09-01
866,273,otra_cosa_2,175,2001-01-28
245,263,ecommerce.conversion,346,2005-10-16
891,817,otra_cosa_3,833,1989-09-23
577,767,otra_cosa_1,894,1928-07-28
347,455,ecommerce.view-product,409,1912-09-26
765,136,ecommerce.conversion,758,1930-06-03
133,682,otra_cosa_2,385,1900-02-28
453,630,otra_cosa_2,805,1986-11-13
905,271,ecommerce.checkout,472,1901-06-25
141,359,ecommerce.conversion,334,1983-12-11
455,578,otra_cosa_3,756,2009-12-07
417,697,ecommerce.conversion,748,1944-12-03
140,301,ecommerce.checkout,568,1917-05-20
205,998,ecommerce.view-product,66,1900-07-07
143,417,ecommerce.view-product,146,1996-12-10
243,964,otra_cosa_1,20,2015-03-09
48,420,ecommerce.checkout,579,2016-09-19
133,61,ecommerce.conversion,948,1956-12-09
378,164,otra_cosa_2,474,1958-04-01
158,816,otra_cosa_2,461,1923-11-04
315,995,ecommerce.checkout,802,1934-04-23
237,0,otra_cosa_3,686,1954-08-10
131,655,ecommerce.checkout,201,1934-01-07
881,433,otra_cosa_1,710,1934-06-04
748,261,ecommerce.conversion,346,1968-08-26
507,197,ecommerce.view-product,20,1924-12-19
360,311,ecommerce.view-product,475,1972-07-26
813,491,otra_cosa_1,557,1935-09-11
398,79,ecommerce.view-product,613,2009-04-12
294,235,ecommerce.checkout,546,2009-02-06
405,46,ecommerce.view-product,161,2004-09-13
232,824,ecommerce.checkout,216,1911-05-08
435,858,otra_cosa_2,643,1951-04-26
280,179,ecommerce.conversion,641,1958-07-07